commission_id,commission_rate,commission_amount,payment_method,payment_date
1,4.2,21619,Draft,1/13/2021
2,3.2,34562,Draft,8/27/2022
3,2.6,9710,Pay Order,8/30/2021
4,4.1,44279,Pay Order,2/13/2023
5,3.6,45647,Draft,3/5/2023
6,4.7,13099,Cash,11/12/2021
7,5.9,44543,Pay Order,9/21/2022
8,3.6,12497,EFT,1/4/2019
9,4.4,7013,EFT,10/4/2023
10,2.1,40535,Cash,10/24/2019
11,,26656,Cheque,2/1/2023
12,2.0,5988,Pay Order,11/26/2023
13,4.0,19783,EFT,12/19/2022
14,2.4,26574,Draft,1/21/2022
15,2.2,29920,Cheque,5/2/2022
16,3.0,44301,Draft,3/10/2019
17,4.4,3083,Cheque,4/22/2020
18,6.0,13890,Pay Order,5/3/2022
19,3.2,30782,EFT,8/7/2021
20,5.0,28814,Draft,5/1/2022
21,5.4,5620,Cheque,2/5/2020
22,4.3,35552,EFT,3/14/2022
23,3.6,29997,Cash,8/9/2023
24,4.3,11025,Cheque,8/19/2019
25,2.0,34769,Cheque,6/29/2023
26,3.1,28343,Draft,5/19/2019
27,3.4,21381,Cheque,6/7/2023
28,3.7,28664,Pay Order,9/8/2023
29,5.8,25411,EFT,2/14/2020
30,5.0,8471,EFT,6/26/2019
31,2.6,35635,Draft,2/9/2023
32,6.0,13593,Draft,6/30/2020
33,3.9,24425,Draft,12/6/2023
34,5.7,34720,Pay Order,10/27/2020
35,2.8,43795,Pay Order,3/30/2022
36,2.6,1641,EFT,12/20/2021
37,5.8,1748,Pay Order,10/20/2021
38,2.1,40694,EFT,11/25/2023
39,3.0,44019,Cheque,10/22/2022
40,3.2,43795,EFT,11/9/2019
41,5.6,24506,Draft,3/1/2020
42,3.5,37408,Draft,3/27/2023
43,5.9,42107,EFT,5/30/2019
44,5.4,11650,EFT,7/21/2022
45,2.2,13154,Pay Order,8/21/2022
46,3.3,44432,Cheque,8/15/2021
47,4.1,8272,EFT,1/13/2019
48,5.4,24954,Cheque,12/7/2022
49,3.4,15858,Pay Order,7/7/2023
50,2.1,41523,Cheque,8/26/2023
51,4.3,45678,Draft,10/2/2021
52,4.9,2563,Cash,6/7/2021
53,2.1,25101,Cash,11/18/2023
54,4.9,26838,Pay Order,11/14/2021
55,4.7,36886,Cash,7/31/2022
56,5.5,21167,Cheque,1/25/2019
57,4.7,28698,Draft,10/11/2021
58,2.9,17825,EFT,5/7/2023
59,3.7,9553,Cheque,8/27/2019
60,4.0,3789,Pay Order,9/10/2023
61,3.7,35286,Cash,6/3/2022
62,2.4,18427,Cheque,11/6/2022
63,5.4,46525,Pay Order,9/25/2022
64,4.2,44655,Draft,12/9/2021
65,2.2,42571,EFT,11/12/2023
66,4.7,41174,Pay Order,11/26/2019
67,2.1,6303,Cash,11/19/2023
68,4.2,12682,EFT,5/27/2023
69,3.8,43019,Cash,7/11/2023
70,4.6,4687,Pay Order,2/10/2023
71,5.9,32838,Cash,2/22/2022
72,2.0,25213,EFT,3/15/2020
73,5.7,26711,Pay Order,2/21/2023
74,4.6,4559,Pay Order,1/28/2023
75,4.5,17124,Cash,9/20/2022
76,4.1,4341,EFT,7/17/2020
77,5.0,35037,Draft,11/30/2021
78,4.4,28133,Cheque,12/21/2023
79,3.7,24823,Cash,9/26/2020
80,3.7,7998,Pay Order,3/23/2022
81,4.5,6056,Cheque,3/4/2019
82,2.9,34905,EFT,6/8/2022
83,3.7,1701,Draft,7/24/2022
84,3.2,23339,EFT,5/3/2021
85,3.6,24231,Pay Order,9/2/2023
86,4.7,24435,Pay Order,11/15/2021
87,4.2,39919,Cheque,10/5/2023
88,5.4,25304,Draft,11/23/2019
89,5.5,37533,Pay Order,12/13/2023
90,2.2,45127,Draft,8/16/2021
91,3.9,42430,Cheque,1/31/2021
92,2.2,30449,Draft,8/4/2023
93,5.4,7938,Draft,8/3/2020
94,3.1,32482,Draft,7/8/2022
95,,33661,Draft,5/20/2019
96,5.3,25549,EFT,5/20/2020
97,4.4,14605,Draft,8/6/2019
98,4.1,6199,Draft,2/19/2022
99,3.9,33254,Cheque,8/28/2020
100,2.1,43846,Cash,12/5/2020
101,4.7,24290,Cash,2/14/2023
102,2.0,5341,Cheque,3/25/2021
103,5.1,6130,Pay Order,12/10/2019
104,2.9,21772,Draft,12/25/2020
105,2.5,33378,Draft,11/8/2022
106,3.0,5352,EFT,8/28/2021
107,3.1,962,Draft,6/23/2019
108,4.6,1865,Cash,7/5/2023
109,3.2,15842,Pay Order,5/3/2020
110,4.3,42939,Draft,6/13/2023
111,3.4,20379,Pay Order,9/29/2019
112,3.9,43841,EFT,3/13/2022
113,3.1,48910,EFT,7/10/2021
114,2.8,37518,Cheque,8/9/2019
115,3.1,16737,Draft,8/4/2022
116,3.9,5436,EFT,7/18/2019
117,3.5,36231,Draft,9/21/2019
118,4.1,6490,Cheque,5/1/2019
119,3.9,45521,Cheque,4/17/2023
120,3.6,2744,Cash,6/20/2021
121,5.8,39937,EFT,8/9/2022
122,2.8,27041,Cash,10/10/2020
123,2.6,48716,EFT,9/23/2023
124,5.1,47216,Pay Order,12/14/2021
125,4.8,44651,Pay Order,12/11/2023
126,4.5,45666,EFT,9/5/2023
127,3.1,4248,Cheque,8/23/2023
128,4.7,37524,Cheque,10/1/2020
129,4.9,19278,Cash,7/30/2020
130,4.9,21801,Draft,11/23/2023
131,2.8,9862,Cash,10/23/2023
132,,18488,Pay Order,2/10/2023
133,3.5,13758,EFT,8/28/2019
134,4.2,45578,Cheque,11/24/2019
135,2.9,8523,Pay Order,8/3/2022
136,2.6,17905,Cash,5/4/2023
137,4.6,20414,Cheque,5/30/2019
138,2.1,17455,Cash,11/2/2023
139,2.2,34176,Cheque,11/28/2023
140,4.3,24826,Pay Order,3/4/2020
141,5.2,41805,Cash,10/27/2020
142,,7344,Draft,10/11/2021
143,2.8,14311,Cheque,12/12/2023
144,4.5,43850,EFT,1/17/2019
145,5.9,11212,Cash,4/19/2022
146,4.0,19978,EFT,12/27/2022
147,2.9,20846,Cheque,8/14/2019
148,4.3,29088,Draft,8/19/2023
149,3.2,30331,EFT,11/5/2022
150,,33522,EFT,3/30/2020
151,3.1,39277,Cheque,1/20/2022
152,2.5,11285,Pay Order,7/7/2019
153,,38708,Cash,9/18/2020
154,,16633,Pay Order,10/12/2020
155,2.2,22250,Draft,6/8/2021
156,3.2,12042,Cheque,3/2/2020
157,4.5,34019,Cheque,12/23/2021
158,4.6,45912,Cash,12/16/2023
159,4.9,49645,Cheque,9/24/2021
160,2.2,37327,Draft,11/24/2020
161,5.6,31918,EFT,5/20/2022
162,3.6,13804,Pay Order,4/6/2021
163,4.9,19575,Draft,1/27/2021
164,2.4,27691,Pay Order,2/2/2020
165,2.3,34548,Cash,8/11/2019
166,2.8,11454,Pay Order,7/16/2021
167,5.3,8020,Cash,6/6/2022
168,3.7,16148,Draft,10/17/2019
169,5.3,47114,Cheque,2/12/2019
170,3.4,28729,Draft,2/13/2019
171,3.6,48752,Cash,7/10/2021
172,4.7,7487,Draft,12/31/2022
173,5.1,1054,Cheque,12/28/2022
174,,35410,EFT,12/10/2019
175,5.6,13067,Pay Order,4/9/2020
176,,37810,Draft,4/9/2022
177,5.3,15698,Pay Order,11/3/2022
178,5.0,3930,Cash,1/19/2023
179,5.0,22780,Pay Order,6/24/2021
180,4.4,5737,Cash,5/24/2021
181,2.6,24325,Draft,7/7/2022
182,2.7,8902,EFT,8/28/2021
183,2.3,21610,Cash,9/27/2019
184,3.5,20018,Draft,10/30/2021
185,5.3,6448,Pay Order,11/29/2022
186,4.6,29180,Cheque,12/27/2019
187,2.8,25161,Cash,9/6/2022
188,2.1,9472,EFT,3/9/2022
189,6.0,19487,Draft,10/19/2019
190,5.0,38243,Cheque,10/3/2019
191,3.3,27232,EFT,7/20/2020
192,3.1,8131,Cash,4/14/2022
193,,20193,EFT,2/4/2020
194,2.7,17116,Pay Order,1/29/2022
195,,16085,Cheque,7/31/2019
196,4.9,5970,EFT,1/13/2019
197,4.6,18660,Draft,8/9/2019
198,4.2,29379,Cheque,9/2/2022
199,4.1,25494,EFT,8/1/2019
200,4.5,49072,Draft,8/1/2023
201,3.6,38361,Pay Order,2/8/2020
202,5.1,16281,Draft,12/21/2021
203,4.7,7035,Cheque,5/4/2022
204,2.5,30142,Draft,10/6/2022
205,2.4,39839,Cash,3/13/2021
206,5.4,38072,Draft,8/15/2023
207,3.1,27686,Pay Order,10/31/2022
208,3.9,35403,EFT,5/16/2021
209,3.9,36094,Cash,5/9/2023
210,2.4,12282,Cash,8/2/2021
211,5.1,18433,EFT,3/5/2019
212,2.1,5929,Cash,2/6/2023
213,5.4,28226,Cash,4/15/2020
214,2.5,7987,EFT,11/26/2019
215,3.3,37975,Cash,8/24/2022
216,5.2,36687,EFT,5/31/2022
217,4.5,28877,Cash,4/19/2023
218,5.3,19215,Pay Order,10/13/2019
219,,30962,Pay Order,3/19/2019
220,,12752,Draft,9/23/2019
221,5.9,33105,Cheque,11/2/2021
222,2.4,7127,Pay Order,4/16/2020
223,5.9,5224,Draft,10/21/2020
224,2.4,2909,Draft,4/20/2020
225,5.0,48637,Draft,1/8/2023
226,2.2,37067,Cheque,6/11/2021
227,3.8,2902,Draft,4/3/2023
228,3.9,16803,EFT,11/21/2023
229,3.5,40128,Draft,2/2/2020
230,3.7,34886,Cash,9/1/2022
231,5.8,39498,Pay Order,8/18/2020
232,5.0,12644,Cash,3/15/2022
233,5.6,26542,EFT,3/18/2023
234,5.7,21110,Pay Order,12/13/2020
235,,17626,EFT,1/8/2019
236,4.3,12723,Cash,9/10/2022
237,4.1,21819,Pay Order,2/27/2023
238,5.6,18943,Cheque,9/4/2019
239,4.3,19250,Cheque,2/27/2020
240,4.2,46423,Cheque,2/11/2021
241,5.6,9646,Pay Order,10/3/2019
242,2.7,45424,Cash,10/15/2019
243,2.4,15241,EFT,10/9/2020
244,5.7,35075,Cheque,10/22/2022
245,5.1,25530,Pay Order,5/16/2020
246,5.7,35138,Pay Order,10/12/2021
247,5.1,27953,Draft,6/23/2019
248,4.0,48544,Cheque,10/29/2019
249,3.8,7938,EFT,8/1/2019
250,4.6,13454,Cash,1/26/2019
251,5.0,25100,Pay Order,3/17/2020
252,,30785,Pay Order,7/17/2022
253,,14603,Cash,10/16/2022
254,2.5,41421,Pay Order,8/13/2021
255,4.6,25644,EFT,4/19/2021
256,2.3,48921,Cheque,2/16/2023
257,2.6,13840,Pay Order,3/29/2019
258,5.7,34603,Cash,1/20/2021
259,2.3,30079,Pay Order,4/8/2023
260,3.3,30272,EFT,12/21/2023
261,2.7,8209,Pay Order,12/24/2021
262,2.4,1106,Cash,2/12/2021
263,2.5,15513,Cheque,12/17/2021
264,3.2,26806,Cheque,9/11/2019
265,3.6,11406,Cash,1/8/2019
266,3.9,1911,Pay Order,4/25/2019
267,5.0,12915,Cash,11/17/2022
268,4.8,33026,EFT,10/5/2019
269,,11828,Draft,9/21/2020
270,5.8,39780,Cheque,7/4/2019
271,2.9,34988,Pay Order,5/27/2020
272,4.1,20439,Cheque,6/4/2021
273,2.7,18447,EFT,1/22/2019
274,4.1,33578,EFT,5/1/2020
275,3.6,28711,Pay Order,2/6/2020
276,4.1,33694,Draft,9/22/2023
277,5.3,24914,EFT,9/7/2021
278,3.7,10476,Draft,8/17/2019
279,4.8,10230,EFT,1/24/2022
280,2.0,24644,Cash,9/24/2020
281,2.6,29006,EFT,1/11/2022
282,4.6,27636,Cheque,4/24/2023
283,2.6,15777,Pay Order,10/28/2023
284,5.8,35976,Draft,7/13/2023
285,4.6,18436,Draft,9/11/2021
286,4.4,25923,Cheque,6/11/2023
287,3.3,46420,Draft,8/25/2022
288,2.4,39082,Pay Order,7/2/2020
289,3.2,16278,Cash,9/20/2020
290,3.9,19489,Cash,2/15/2019
291,4.4,21553,Pay Order,8/20/2022
292,3.1,15377,Cheque,6/15/2022
293,,48459,Cash,12/12/2020
294,2.9,45075,Pay Order,2/18/2021
295,2.1,20823,EFT,6/29/2021
296,5.1,49299,Pay Order,1/12/2023
297,2.9,38204,Cash,11/8/2021
298,5.0,22282,Cheque,3/2/2021
299,3.7,26323,Cheque,1/16/2019
300,2.4,45490,Draft,12/24/2023
301,5.8,17983,EFT,12/21/2021
302,3.6,8700,Cheque,6/25/2020
303,5.0,6577,Pay Order,11/12/2023
304,,34362,Draft,2/1/2021
305,3.5,16318,Pay Order,1/22/2020
306,5.6,2804,Cheque,9/5/2022
307,4.9,22785,Draft,12/20/2022
308,4.1,33371,EFT,8/21/2023
309,5.8,42865,Draft,9/26/2021
310,4.7,12251,Cheque,8/5/2023
311,2.9,37176,Draft,12/25/2023
312,5.6,16478,Cash,8/2/2020
313,3.0,43605,EFT,7/24/2020
314,,19616,Cheque,2/11/2019
315,4.4,41311,Draft,11/12/2023
316,4.4,29417,EFT,10/30/2023
317,3.9,32899,Cheque,9/11/2022
318,2.6,22095,Pay Order,5/7/2019
319,,43623,EFT,1/3/2022
320,,26507,Cheque,7/29/2020
321,4.4,36432,Pay Order,6/17/2022
322,4.1,25278,Pay Order,9/2/2023
323,,25248,Cheque,5/28/2022
324,3.0,23054,Cheque,9/7/2023
325,,47563,EFT,4/7/2021
326,5.8,18893,Cash,4/22/2021
327,5.0,34010,EFT,4/4/2020
328,,41796,Cheque,3/12/2022
329,3.5,24442,EFT,7/29/2023
330,,40283,Cheque,5/8/2023
331,5.1,11896,Cheque,1/28/2021
332,,4577,Draft,5/29/2019
333,4.1,5993,Pay Order,10/2/2022
334,5.6,41082,Cash,7/23/2019
335,3.6,5721,Cash,8/20/2020
336,4.8,15945,Pay Order,3/31/2020
337,3.3,39089,Cheque,3/26/2019
338,3.5,49265,Cash,12/13/2019
339,5.8,3253,Pay Order,4/24/2021
340,,47027,Cheque,10/26/2021
341,3.0,35299,Pay Order,8/22/2022
342,5.0,32093,EFT,12/3/2022
343,2.1,6212,EFT,3/7/2022
344,,22584,Cash,6/28/2020
345,2.1,41730,Cash,11/6/2020
346,4.0,15735,EFT,7/31/2023
347,2.6,43910,EFT,9/28/2023
348,3.6,47238,Cheque,9/15/2021
349,3.6,49893,EFT,4/25/2019
350,2.3,40647,Cash,9/10/2019
351,4.5,44270,Pay Order,1/3/2023
352,5.3,37843,Draft,7/15/2021
353,5.1,27511,Cash,6/4/2019
354,3.1,35372,Draft,5/29/2019
355,4.3,47659,Draft,9/9/2022
356,3.9,26435,Pay Order,7/10/2019
357,2.1,31836,Pay Order,6/22/2023
358,2.8,9005,Cheque,3/11/2023
359,4.8,12808,Cheque,1/7/2020
360,3.2,23612,Cheque,12/19/2021
361,3.0,27612,Cheque,1/6/2023
362,2.4,40653,Draft,3/22/2019
363,4.8,39295,Cash,4/24/2023
364,4.8,6539,Cheque,1/29/2023
365,5.0,25849,EFT,7/2/2023
366,,32880,Draft,6/22/2020
367,4.7,46161,Cheque,7/9/2023
368,5.2,30492,Cash,10/24/2023
369,5.7,35814,Cash,3/24/2021
370,5.1,4519,Cheque,12/4/2023
371,4.7,20914,Draft,1/30/2022
372,2.0,21683,EFT,2/6/2020
373,4.2,41002,Cash,8/25/2022
374,,6875,Draft,10/10/2023
375,5.4,28727,Draft,3/28/2020
376,,37710,Pay Order,10/5/2023
377,5.7,18847,Draft,7/14/2022
378,2.9,24008,Cheque,9/27/2021
379,4.5,3160,EFT,4/3/2020
380,4.8,42069,EFT,7/31/2023
381,2.3,21430,Cheque,5/12/2023
382,2.2,24039,Cheque,7/12/2021
383,4.8,9997,Draft,11/30/2019
384,,9415,Draft,9/6/2022
385,4.7,26084,Pay Order,5/19/2020
386,3.8,48129,EFT,4/2/2023
387,6.0,49206,EFT,12/18/2022
388,3.4,12554,Pay Order,6/16/2023
389,2.3,2678,Draft,5/11/2020
390,2.9,32057,Cheque,7/12/2019
391,3.8,1658,EFT,11/6/2020
392,5.6,1025,Cash,1/26/2022
393,2.4,12777,Cash,10/31/2023
394,4.5,42979,Pay Order,10/25/2020
395,3.9,37581,Cash,7/24/2021
396,,17884,EFT,4/15/2023
397,2.3,31710,Pay Order,2/18/2021
398,4.6,10728,EFT,12/2/2020
399,2.8,24550,Pay Order,7/27/2022
400,4.7,48837,EFT,12/30/2019
401,4.2,17340,Cash,11/27/2020
402,3.9,6761,EFT,5/13/2020
403,3.2,26728,EFT,2/10/2022
404,5.7,15183,Cash,11/6/2020
405,4.9,14292,Draft,7/27/2020
406,,27632,Pay Order,7/20/2019
407,2.6,15128,Pay Order,8/18/2023
408,,29500,Cheque,11/5/2021
409,5.2,26570,Cash,7/28/2022
410,4.2,22012,Cheque,5/27/2021
411,5.3,47208,Cheque,9/6/2020
412,3.1,12356,Cheque,12/11/2023
413,3.1,47608,Cash,6/10/2023
414,5.8,49828,Draft,1/2/2023
415,3.8,48012,Pay Order,3/5/2019
416,2.3,32915,Cash,9/20/2021
417,2.5,46998,Draft,6/23/2023
418,3.2,33881,EFT,5/29/2021
419,3.0,21844,Cash,1/18/2019
420,2.3,34167,Cash,4/27/2021
421,5.8,33682,Pay Order,10/6/2019
422,3.5,16640,Draft,1/4/2020
423,2.2,8939,Cash,1/5/2019
424,3.9,11981,Draft,9/11/2020
425,5.9,45581,Cash,3/23/2023
426,3.1,31111,Cash,12/4/2021
427,3.0,10586,Cash,7/21/2020
428,3.6,5997,EFT,7/26/2022
429,4.4,23642,Cheque,6/23/2020
430,4.4,46457,Draft,6/27/2022
431,4.5,3036,Cash,3/2/2019
432,2.1,36879,Pay Order,9/21/2022
433,5.9,7739,Cash,2/16/2022
434,5.1,47534,Cash,1/2/2021
435,4.9,15761,Cheque,5/15/2020
436,3.2,8882,EFT,8/10/2022
437,3.9,16112,Cash,2/19/2019
438,4.2,46724,EFT,8/2/2019
439,4.3,15250,Draft,2/11/2020
440,5.5,27847,Cash,8/22/2022
441,5.0,14971,EFT,4/16/2023
442,4.5,41425,EFT,9/2/2021
443,,48787,Cheque,6/13/2022
444,3.1,6280,Draft,1/20/2019
445,4.8,41240,Cheque,8/11/2022
446,4.2,34887,Cash,10/11/2022
447,5.2,2539,Cash,4/16/2019
448,2.7,42456,Cash,10/21/2020
449,3.0,25827,Pay Order,9/15/2023
450,3.6,10247,Draft,4/10/2023
451,4.4,8398,EFT,1/15/2022
452,,25956,Cash,3/27/2022
453,3.7,46873,Draft,3/31/2020
454,3.8,42447,Draft,12/10/2021
455,4.4,25659,Cheque,7/16/2023
456,4.1,39367,Cheque,7/17/2023
457,4.9,32522,Cash,4/16/2021
458,3.7,26252,Cash,12/21/2019
459,4.4,28087,Pay Order,6/12/2021
460,4.0,13718,Draft,2/16/2020
461,3.3,25970,Draft,6/24/2021
462,2.6,49068,Draft,7/5/2020
463,3.8,1643,EFT,10/19/2022
464,5.3,37128,EFT,5/5/2019
465,4.3,44944,Cheque,3/31/2019
466,4.5,4877,EFT,7/26/2019
467,5.6,22347,Cheque,3/13/2021
468,2.9,46020,Pay Order,10/28/2023
469,3.6,8770,Cheque,5/10/2020
470,2.9,48735,Pay Order,7/24/2019
471,4.9,44491,EFT,12/16/2020
472,4.6,3771,EFT,11/6/2022
473,2.3,22319,Pay Order,4/6/2023
474,2.9,20329,Draft,9/10/2019
475,,26632,EFT,12/25/2021
476,2.4,31944,Draft,6/22/2022
477,3.9,19954,Cheque,10/9/2022
478,3.4,42694,Draft,7/16/2021
479,3.3,38541,EFT,9/28/2021
480,4.6,28934,Cash,4/30/2022
481,2.5,15181,EFT,8/21/2021
482,2.3,18247,Pay Order,8/8/2022
483,3.1,45764,Pay Order,12/17/2022
484,3.2,29165,Pay Order,12/30/2019
485,5.9,25494,Pay Order,5/18/2022
486,3.8,38470,Cheque,11/30/2022
487,5.2,44152,Cheque,10/30/2022
488,5.3,9356,EFT,11/2/2022
489,2.1,46249,Cash,8/28/2020
490,4.1,17990,Cash,11/11/2019
491,4.6,48514,Cash,1/11/2021
492,4.0,813,Pay Order,3/5/2019
493,5.9,45195,EFT,3/27/2023
494,2.3,13803,Cheque,6/15/2021
495,5.0,38817,Cash,7/24/2020
496,3.9,27260,EFT,9/1/2023
497,3.1,20115,Cash,12/12/2022
498,4.8,3446,Pay Order,10/4/2023
499,3.8,26830,Cheque,8/8/2021
500,2.5,19387,EFT,12/24/2023
501,4.8,41859,Cash,7/20/2020
502,5.4,38144,Cheque,8/8/2019
503,4.1,18144,Cheque,3/26/2022
504,4.3,30783,EFT,2/19/2023
505,3.9,8166,Pay Order,11/5/2023
506,5.2,37534,Draft,4/14/2021
507,2.3,14957,Cash,1/6/2019
508,2.3,28096,Draft,1/3/2020
509,3.2,38110,EFT,10/28/2021
510,2.4,38099,EFT,3/23/2020
511,4.0,29436,EFT,7/29/2019
512,2.5,21926,Cash,5/11/2022
513,4.2,35212,EFT,1/29/2023
514,3.6,42839,Cash,9/25/2020
515,4.4,21485,Cheque,12/24/2020
516,,26837,Draft,10/28/2023
517,4.0,10283,Draft,9/21/2022
518,2.9,25270,Cash,12/19/2021
519,4.9,48717,Draft,5/1/2022
520,3.5,11674,Draft,8/23/2023
521,4.9,34810,Cash,4/22/2023
522,5.0,27861,EFT,11/28/2019
523,2.2,2569,Cheque,9/24/2023
524,4.5,24731,Cheque,4/5/2022
525,3.5,12064,EFT,6/23/2019
526,4.5,1813,Pay Order,7/7/2022
527,,36056,Pay Order,4/22/2020
528,3.8,47458,Draft,12/15/2022
529,2.2,40945,Cheque,6/13/2021
530,3.4,44170,Cash,8/24/2019
531,5.3,20531,EFT,9/16/2022
532,5.2,931,Cheque,12/2/2020
533,3.4,26140,Pay Order,7/9/2019
534,2.6,42771,Cash,6/18/2019
535,5.0,1051,EFT,4/24/2019
536,3.3,17139,Draft,7/20/2022
537,4.8,45484,EFT,10/29/2021
538,3.2,18341,Draft,2/26/2023
539,2.1,49893,Draft,3/29/2020
540,2.7,16373,EFT,8/16/2019
541,5.7,30197,Cheque,3/12/2022
542,3.9,22295,Draft,4/3/2021
543,5.6,17485,Cheque,4/5/2021
544,3.4,9435,EFT,10/21/2023
545,4.8,19541,Cheque,3/3/2020
546,4.2,7108,Cash,6/14/2021
547,2.8,13786,Cheque,12/24/2023
548,2.3,48000,EFT,12/19/2021
549,4.6,38089,EFT,8/6/2021
550,5.3,46639,EFT,8/3/2022
551,2.7,11961,Cheque,1/18/2022
552,3.7,40476,Cash,12/12/2020
553,4.8,35162,Draft,11/16/2020
554,2.2,27431,Cash,3/5/2023
555,3.0,17260,Pay Order,3/9/2020
556,4.4,49148,Draft,8/13/2020
557,4.9,38895,EFT,5/1/2019
558,4.5,16373,Draft,5/19/2020
559,4.2,18646,Cash,12/14/2023
560,4.2,6323,Cash,3/16/2021
561,3.1,23452,Cheque,4/1/2019
562,3.8,46972,Draft,10/29/2019
563,5.9,12320,Cash,3/16/2020
564,2.3,24400,EFT,1/13/2021
565,2.5,3126,EFT,2/5/2020
566,2.6,49630,Cheque,12/27/2023
567,2.1,41167,Cash,10/6/2022
568,4.5,10202,Draft,1/26/2023
569,2.8,40898,EFT,2/15/2020
570,5.0,41137,EFT,3/15/2019
571,3.6,28204,Draft,3/28/2023
572,2.3,22614,Cheque,11/26/2023
573,6.0,19689,Cash,1/12/2019
574,5.1,23463,Draft,1/21/2022
575,5.0,11891,Cheque,11/21/2021
576,5.9,24879,Pay Order,3/13/2023
577,4.5,33275,Draft,5/12/2022
578,5.7,15822,Draft,1/19/2023
579,4.5,30100,EFT,7/1/2023
580,5.3,33468,Cash,9/5/2021
581,3.7,18816,EFT,5/25/2021
582,2.8,41940,EFT,12/2/2023
583,3.6,12741,Cheque,2/16/2020
584,,40062,Draft,12/14/2021
585,3.0,3527,Cheque,7/19/2020
586,4.6,41524,EFT,7/29/2022
587,5.9,33978,Pay Order,3/29/2023
588,4.0,49756,Pay Order,5/7/2020
589,4.2,42800,EFT,10/25/2020
590,3.7,41369,Cheque,1/11/2023
591,4.7,15439,Cheque,3/23/2022
592,2.3,29042,EFT,11/19/2020
593,3.6,29743,Pay Order,2/8/2023
594,3.2,43084,Cheque,7/30/2022
595,2.5,40787,EFT,5/30/2022
596,5.2,41090,EFT,4/28/2020
597,4.1,34782,Draft,6/19/2023
598,5.5,4658,Cheque,11/3/2020
599,3.7,47761,Cheque,7/21/2022
600,,2408,Pay Order,2/19/2020
601,4.8,34950,Pay Order,5/13/2019
602,5.0,48777,Draft,2/16/2020
603,3.4,44468,Cheque,7/21/2021
604,3.3,46656,Cheque,11/6/2021
605,5.8,31428,Cash,11/30/2021
606,3.2,45845,Cheque,4/1/2023
607,4.1,26453,Pay Order,2/19/2020
608,3.2,35431,EFT,6/30/2020
609,3.3,20756,Draft,4/10/2022
610,3.2,49899,Draft,6/23/2021
611,5.7,29212,EFT,6/3/2020
612,,49800,Cash,2/17/2021
613,4.3,8173,Pay Order,7/4/2022
614,2.1,41326,EFT,2/17/2023
615,2.4,10676,EFT,6/19/2020
616,3.7,10745,Cash,6/13/2019
617,,19067,Cash,12/12/2020
618,3.4,15073,Cheque,8/25/2021
619,,6264,Pay Order,3/18/2021
620,3.1,35875,Cheque,7/24/2021
621,5.7,21349,Draft,12/22/2019
622,,13752,Cheque,7/26/2022
623,4.0,15325,Cash,8/1/2021
624,5.3,17264,EFT,11/2/2022
625,4.3,12490,Pay Order,8/12/2019
626,2.7,30051,Pay Order,12/4/2022
627,5.2,30298,Cash,4/19/2022
628,5.4,43696,Pay Order,9/14/2023
629,3.6,23844,EFT,3/22/2020
630,4.9,17989,Cheque,3/27/2023
631,4.6,24461,EFT,1/11/2022
632,4.0,9779,Pay Order,4/16/2021
633,3.3,30728,Draft,12/1/2021
634,5.5,39447,Pay Order,7/3/2020
635,4.2,45667,Cheque,4/15/2023
636,3.9,46266,Cash,4/1/2020
637,3.8,40147,Cheque,6/2/2020
638,5.3,9223,Cheque,7/3/2023
639,3.3,41027,Draft,3/27/2021
640,2.4,48307,Cash,11/25/2020
641,4.6,14426,Cheque,6/23/2019
642,,9551,Cash,5/17/2022
643,2.4,6005,Cheque,1/5/2022
644,5.9,44830,Cash,4/30/2019
645,5.7,26429,Pay Order,2/6/2020
646,4.5,16571,Pay Order,2/21/2022
647,,27626,Cash,11/5/2020
648,2.9,37517,Draft,6/6/2021
649,2.9,16656,Draft,1/24/2020
650,3.8,12696,Draft,6/24/2021
651,2.9,41414,Pay Order,8/26/2023
652,4.8,10763,Pay Order,3/4/2020
653,2.7,31643,Cash,11/14/2019
654,2.5,2918,Cheque,11/4/2019
655,5.2,35369,EFT,12/12/2020
656,2.0,23344,EFT,6/4/2021
657,5.3,19575,Pay Order,11/9/2022
658,4.6,46501,EFT,3/12/2022
659,2.4,19705,EFT,3/9/2022
660,,4915,EFT,12/27/2023
661,3.5,25953,Cheque,10/21/2019
662,3.3,37190,Cash,12/28/2022
663,,21778,Pay Order,8/15/2021
664,3.5,28558,Cheque,11/17/2020
665,4.6,5335,EFT,9/5/2020
666,4.6,8277,Draft,6/18/2019
667,,38485,EFT,2/1/2022
668,,47070,Pay Order,11/9/2023
669,3.0,32847,Cheque,5/27/2019
670,3.9,9374,Cash,8/29/2019
671,,37178,Cheque,9/19/2019
672,5.7,9848,Draft,1/30/2021
673,2.2,43895,Pay Order,5/6/2023
674,3.8,5487,Draft,5/8/2019
675,3.7,18421,Cash,1/17/2019
676,3.7,20540,EFT,9/25/2022
677,5.3,2218,Draft,6/25/2019
678,5.8,1529,Cash,1/17/2019
679,2.0,17076,Draft,2/28/2020
680,5.0,43702,Pay Order,6/26/2019
681,2.1,13131,Pay Order,4/26/2023
682,3.3,46245,Cheque,12/3/2022
683,3.4,32951,Cheque,9/16/2022
684,4.8,13995,Cheque,9/12/2023
685,4.5,9763,Cheque,2/6/2022
686,3.1,27413,EFT,2/28/2022
687,3.6,24807,Pay Order,6/11/2020
688,4.2,42032,Draft,10/4/2021
689,4.6,47126,Cash,3/17/2023
690,5.6,20871,Cheque,11/9/2020
691,3.4,3684,Cheque,7/20/2019
692,2.3,27254,Cheque,7/8/2022
693,5.0,9004,Cash,10/23/2023
694,2.3,22800,Cheque,7/5/2020
695,,35988,Cheque,11/15/2020
696,4.7,48485,Cheque,2/15/2021
697,,18689,Pay Order,7/22/2022
698,2.5,45885,Cash,2/27/2022
699,3.4,49892,Draft,7/30/2020
700,5.8,1467,Draft,12/6/2022
701,,37976,Cheque,8/7/2021
702,3.7,8072,Cash,8/11/2022
703,4.6,24377,Cheque,10/28/2019
704,3.9,29224,Pay Order,3/13/2020
705,5.3,48557,Draft,11/20/2020
706,4.1,48208,Cash,4/27/2021
707,4.8,31842,Draft,7/26/2020
708,3.7,6759,Cheque,4/22/2020
709,5.0,3283,EFT,8/21/2020
710,3.3,27164,Pay Order,12/22/2023
711,3.0,27727,Cash,7/7/2020
712,3.8,39209,Cheque,3/6/2023
713,3.8,1421,EFT,1/20/2021
714,3.2,7548,EFT,4/17/2023
715,5.7,25840,Pay Order,6/8/2022
716,3.6,39086,EFT,8/17/2020
717,4.0,5672,EFT,1/5/2023
718,4.8,32636,Pay Order,11/26/2021
719,2.8,12914,EFT,3/13/2023
720,5.6,25662,Cash,6/22/2021
721,,35692,Pay Order,4/25/2021
722,2.6,45281,Pay Order,8/5/2020
723,3.4,49181,Pay Order,8/7/2022
724,,37590,Pay Order,8/4/2019
725,4.1,33457,Cash,4/16/2023
726,2.6,7625,Draft,3/4/2022
727,2.3,27539,Cheque,5/30/2021
728,2.7,23249,EFT,3/18/2019
729,3.4,25827,EFT,2/3/2021
730,,41461,Cash,1/4/2022
731,2.9,10954,EFT,10/28/2019
732,2.1,37102,EFT,1/10/2019
733,4.2,45323,Cash,8/3/2021
734,5.6,7246,Pay Order,5/17/2020
735,5.5,39981,EFT,5/1/2020
736,4.2,48035,Cash,2/25/2022
737,2.0,18156,EFT,11/10/2019
738,2.7,39243,Cheque,5/4/2022
739,2.9,26301,EFT,7/22/2021
740,5.4,8714,Draft,12/7/2021
741,2.6,44614,Draft,6/15/2019
742,2.6,33442,EFT,6/5/2020
743,4.6,44470,Pay Order,1/11/2019
744,3.6,44052,Cash,2/25/2019
745,3.5,27584,Pay Order,10/12/2022
746,2.5,29230,Cash,2/10/2022
747,3.0,18705,Draft,12/21/2022
748,2.4,20892,Draft,8/16/2019
749,5.6,34589,Pay Order,11/14/2020
750,5.2,13353,EFT,4/24/2023
751,2.9,3262,Cheque,6/24/2021
752,5.8,18060,Draft,2/9/2022
753,4.8,21656,Cheque,10/21/2021
754,2.1,11177,EFT,3/25/2019
755,4.9,34422,Draft,3/2/2021
756,4.5,37222,Cash,1/30/2022
757,3.1,32626,Draft,1/26/2023
758,2.5,37234,Cash,6/23/2021
759,2.5,40326,Cash,6/3/2020
760,4.9,33476,Cheque,12/9/2020
761,5.8,31462,Draft,12/23/2023
762,5.7,43643,Draft,8/28/2021
763,4.0,4640,EFT,8/23/2023
764,5.7,18473,EFT,11/1/2020
765,,32512,Cash,7/8/2021
766,3.3,38545,Cash,2/17/2023
767,2.7,24422,Pay Order,11/15/2019
768,5.6,40890,Draft,7/18/2020
769,3.7,17911,Pay Order,4/21/2023
770,4.9,33184,Draft,8/20/2019
771,5.1,44912,Cash,4/6/2023
772,3.6,17792,Pay Order,1/19/2019
773,2.2,32881,Pay Order,10/10/2020
774,5.9,21043,Cash,7/17/2019
775,4.2,14362,Draft,7/11/2021
776,5.8,35187,Cheque,9/19/2020
777,3.6,15773,Draft,10/21/2019
778,3.8,37118,EFT,2/10/2023
779,4.5,30698,EFT,11/2/2022
780,4.0,35387,Pay Order,1/5/2022
781,3.4,43213,Pay Order,1/30/2020
782,3.6,30200,Draft,3/22/2020
783,5.5,17890,Cheque,1/12/2023
784,,3117,Draft,1/7/2020
785,3.5,19019,EFT,12/5/2021
786,4.6,26787,EFT,10/24/2020
787,5.0,1370,Cheque,10/11/2022
788,4.8,1966,EFT,7/10/2021
789,5.8,16651,Pay Order,10/3/2022
790,4.4,6419,Cheque,6/17/2021
791,3.0,26519,Pay Order,9/5/2022
792,2.3,2428,Cash,5/23/2020
793,4.5,37815,Pay Order,1/8/2019
794,5.3,19248,Pay Order,7/31/2019
795,3.6,42617,Cash,2/19/2023
796,3.9,48060,EFT,8/30/2023
797,5.8,4085,Pay Order,1/10/2019
798,4.4,20274,EFT,11/1/2020
799,2.1,37073,EFT,5/3/2021
800,3.8,49555,Pay Order,10/31/2022
801,4.4,46295,Pay Order,5/12/2023
802,4.8,10089,Draft,3/12/2021
803,4.3,9068,Draft,2/15/2023
804,4.4,29861,Draft,6/8/2021
805,5.7,44170,Draft,12/16/2019
806,,34019,Pay Order,1/27/2019
807,5.8,27026,Pay Order,10/11/2019
808,3.0,36463,Cheque,7/6/2022
809,4.3,27323,Pay Order,10/14/2023
810,4.4,39302,EFT,8/7/2022
811,5.2,40129,Cash,8/17/2020
812,4.3,1323,Cheque,5/7/2019
813,5.0,14081,EFT,6/4/2019
814,5.4,33556,Cash,2/2/2019
815,,36227,Cheque,9/20/2019
816,4.0,19359,Draft,12/23/2022
817,5.4,14505,Pay Order,10/10/2022
818,2.2,11010,EFT,8/23/2020
819,5.8,14787,Pay Order,8/24/2023
820,2.2,28661,Draft,1/10/2022
821,5.9,25105,Pay Order,5/27/2019
822,2.7,33148,Draft,6/11/2019
823,5.1,24669,Cheque,1/14/2021
824,4.5,42431,Cheque,9/11/2020
825,2.8,6320,EFT,11/4/2022
826,3.5,46284,Draft,4/18/2023
827,3.2,7403,EFT,6/5/2022
828,2.4,18292,Cash,7/24/2021
829,3.7,12470,EFT,5/17/2019
830,2.8,44848,Cash,2/9/2020
831,3.6,45863,Pay Order,3/15/2023
832,4.1,23862,Cheque,8/25/2022
833,5.7,30340,Draft,8/25/2022
834,3.4,27266,Draft,7/24/2022
835,4.7,16972,Pay Order,7/5/2020
836,4.1,43639,EFT,9/22/2020
837,2.5,40740,EFT,7/22/2022
838,4.6,44151,Cash,8/24/2023
839,2.5,42575,EFT,9/11/2019
840,5.6,14471,Pay Order,2/13/2022
841,5.3,6320,Cash,3/15/2020
842,4.2,34905,Draft,5/31/2019
843,3.9,46382,Cash,7/24/2021
844,4.2,11078,Cheque,10/5/2023
845,4.6,34533,Cheque,4/1/2023
846,3.8,23559,Draft,7/23/2022
847,3.7,30394,Cash,3/9/2020
848,5.6,19371,Cash,6/27/2021
849,4.4,21456,Pay Order,8/19/2022
850,2.4,40269,Cash,3/21/2019
851,5.5,18836,EFT,1/8/2022
852,5.0,27664,Cheque,4/9/2022
853,4.5,42732,Pay Order,1/14/2023
854,3.8,22456,Cash,8/14/2019
855,3.3,12854,Cash,10/24/2021
856,2.6,17959,Cheque,12/1/2022
857,2.3,10872,Pay Order,11/9/2019
858,3.9,28013,Draft,3/21/2023
859,5.6,41528,Pay Order,9/19/2020
860,5.9,1988,EFT,10/3/2023
861,4.1,3309,Cheque,7/18/2019
862,,21363,Cheque,9/14/2019
863,3.9,32431,Pay Order,3/6/2022
864,2.2,19876,EFT,9/24/2021
865,,13117,EFT,11/2/2021
866,5.0,19049,EFT,4/24/2022
867,3.4,41875,EFT,12/19/2019
868,4.4,20132,Cheque,4/8/2021
869,2.8,25298,EFT,11/14/2021
870,4.4,7788,Pay Order,7/1/2020
871,2.2,12110,Cash,9/1/2023
872,5.5,48057,Draft,2/6/2021
873,3.7,27319,EFT,10/5/2020
874,5.6,24897,Pay Order,11/1/2020
875,2.5,28430,Draft,7/15/2021
876,4.2,7437,Cheque,7/4/2020
877,5.8,14744,Cheque,1/11/2023
878,2.9,33579,Cash,8/21/2021
879,5.7,43205,EFT,12/7/2023
880,5.1,24624,Draft,7/6/2019
881,5.1,14163,Pay Order,5/24/2021
882,5.7,38826,Draft,9/4/2020
883,2.8,28232,Draft,5/5/2019
884,4.7,31920,Cash,9/15/2019
885,2.9,34151,Pay Order,10/10/2021
886,3.3,24318,Cheque,3/6/2021
887,3.1,10012,Cheque,5/13/2022
888,5.5,45527,Cash,12/2/2022
889,5.0,1305,Cheque,6/5/2023
890,3.9,43056,Draft,3/17/2020
891,4.6,1348,Cash,11/7/2022
892,5.6,790,Cash,4/28/2019
893,3.7,30641,Pay Order,5/7/2023
894,5.1,20193,Draft,9/22/2022
895,5.2,42868,Cheque,11/28/2020
896,4.3,8359,Cheque,7/25/2021
897,3.2,31667,Draft,12/15/2023
898,,27768,Cash,6/9/2020
899,5.6,16960,Cash,7/24/2019
900,5.3,39613,Draft,4/16/2022
901,5.0,984,Pay Order,9/16/2020
902,5.3,1060,Cash,1/4/2022
903,5.5,9211,Draft,12/13/2019
904,,15189,Cash,5/21/2021
905,2.7,17905,EFT,10/29/2021
906,5.7,7286,EFT,7/6/2021
907,3.9,6216,Cheque,12/8/2020
908,2.2,1531,Draft,3/19/2023
909,2.3,47375,Cheque,6/21/2019
910,5.1,3224,Draft,3/6/2023
911,2.4,39901,EFT,9/21/2020
912,,12844,Draft,10/3/2022
913,2.4,21585,Cash,6/14/2019
914,3.0,32475,Draft,7/17/2020
915,2.9,26051,Draft,7/13/2023
916,2.8,48301,Cash,10/28/2019
917,5.7,36115,EFT,7/20/2022
918,2.9,30689,Cheque,1/20/2021
919,2.2,47855,Cheque,11/18/2022
920,2.6,27791,Draft,4/22/2021
921,2.2,20413,Cheque,9/6/2020
922,5.7,34914,Draft,11/2/2021
923,5.4,25719,Pay Order,7/8/2023
924,4.9,20151,Cash,11/10/2023
925,3.9,13992,EFT,11/16/2021
926,4.0,20323,Draft,6/28/2022
927,2.9,23266,EFT,9/12/2023
928,4.7,37782,Cheque,9/3/2020
929,6.0,3392,Cheque,9/16/2019
930,5.9,25583,Pay Order,9/11/2021
931,3.4,5446,Draft,8/8/2022
932,5.8,28163,Draft,1/18/2022
933,4.8,21735,Draft,9/26/2020
934,5.8,27750,Pay Order,4/19/2020
935,5.5,6603,Pay Order,2/17/2022
936,2.7,20100,Pay Order,5/30/2022
937,5.6,48311,Pay Order,12/13/2022
938,2.2,18169,Draft,7/3/2022
939,4.4,37912,Cheque,12/8/2020
940,5.2,9236,Pay Order,4/18/2019
941,3.3,30520,Cash,9/14/2019
942,4.6,26704,Draft,2/3/2021
943,,12197,Draft,8/9/2020
944,4.9,20556,Pay Order,9/1/2023
945,3.6,36757,Cash,6/22/2021
946,3.9,1968,Pay Order,7/14/2022
947,2.4,24761,EFT,8/3/2023
948,3.3,38840,EFT,11/23/2020
949,2.9,8887,Cheque,1/9/2023
950,3.3,12381,Cash,12/29/2020
951,4.5,28318,Cheque,10/2/2019
952,5.9,39619,Draft,10/14/2020
953,2.3,5207,EFT,5/30/2022
954,3.2,36070,EFT,4/26/2020
955,3.2,40682,Cash,5/1/2019
956,2.3,8131,Pay Order,5/18/2022
957,5.2,37403,EFT,11/17/2022
958,2.4,14272,EFT,4/13/2019
959,5.3,41715,EFT,12/21/2022
960,4.8,29481,Draft,2/12/2021
961,2.4,11746,Cheque,9/24/2019
962,4.7,41130,Pay Order,7/30/2021
963,4.2,10530,EFT,5/16/2023
964,3.7,21216,Draft,1/1/2023
965,5.8,2227,Pay Order,9/16/2022
966,6.0,48085,Cheque,1/23/2021
967,4.3,6906,EFT,5/24/2020
968,5.6,24360,EFT,8/24/2023
969,2.4,29503,Draft,3/6/2019
970,6.0,39899,Cash,8/22/2020
971,4.8,14164,Cash,4/10/2019
972,3.9,23530,EFT,4/2/2023
973,3.7,2634,EFT,6/8/2019
974,4.7,11779,Draft,6/6/2023
975,4.1,43240,Pay Order,1/11/2022
976,4.4,15092,Pay Order,7/24/2021
977,2.2,2227,Cash,8/31/2019
978,3.5,5723,Cash,8/31/2021
979,4.8,33761,EFT,1/10/2020
980,4.8,10766,Cheque,12/29/2019
981,5.4,44529,Draft,11/9/2021
982,,17100,Cheque,11/10/2021
983,5.8,49346,Pay Order,3/4/2022
984,,12463,Draft,12/25/2020
985,5.5,16703,EFT,3/8/2021
986,3.4,17705,Draft,12/26/2021
987,4.0,18923,EFT,1/1/2022
988,4.7,14917,Draft,9/8/2021
989,2.6,33671,EFT,7/30/2019
990,2.2,25482,Draft,9/19/2019
991,4.2,4915,Pay Order,11/20/2022
992,4.2,36442,EFT,6/10/2021
993,4.7,43941,Cash,8/19/2021
994,5.9,7698,Cheque,3/19/2021
995,4.2,28065,EFT,1/29/2020
996,5.8,10343,Cash,4/18/2022
997,4.5,28478,EFT,8/15/2023
998,3.5,3200,Draft,10/3/2020
999,4.8,24605,Cheque,12/15/2021
1000,2.3,13767,EFT,10/1/2021
1001,2.9,4163,EFT,7/1/2024
1002,5.4,43468,Cash,6/8/2024
1003,5.8,14048,Cheque,7/30/2024
1004,2.2,47153,Pay Order,12/20/2024
1005,5.7,40901,Cheque,7/14/2024
1006,3.1,7604,Draft,10/2/2024
1007,3.2,22328,Pay Order,10/25/2024
1008,4.1,30777,Pay Order,2/4/2024
1009,5.5,8487,EFT,8/31/2024
1010,3.7,8453,Cash,7/27/2024
1011,,27706,Draft,11/1/2024
1012,5.8,3392,Cash,2/5/2024
1013,4.5,30680,Draft,1/24/2024
1014,5.6,6341,Cash,6/19/2024
1015,2.3,29402,Pay Order,8/15/2024
1016,2.2,30028,EFT,2/26/2024
1017,,33446,Cash,4/15/2024
1018,2.5,10058,Pay Order,4/23/2024
1019,2.3,45884,Pay Order,1/9/2024
1020,3.9,33225,Draft,10/17/2024
1021,2.6,9473,Cheque,10/22/2024
1022,3.1,44839,Draft,4/10/2024
1023,5.8,7422,Cash,11/15/2024
1024,2.5,49648,Cash,3/25/2024
1025,5.8,39237,Pay Order,4/18/2024
1026,2.2,33870,Cheque,4/26/2024
1027,,44810,Draft,12/4/2024
1028,4.6,16976,Draft,12/20/2024
1029,3.7,5495,Draft,4/26/2024
1030,4.2,11262,EFT,10/14/2024
1031,4.6,44593,EFT,8/24/2024
1032,4.5,4117,Cash,7/5/2024
1033,4.6,44906,Cash,8/28/2024
1034,4.0,16129,Pay Order,8/20/2024
1035,2.7,15443,Cash,6/29/2024
1036,4.2,35520,Cheque,10/29/2024
1037,,16829,EFT,10/9/2024
1038,2.8,47390,Cheque,8/8/2024
1039,5.3,29405,Cash,2/24/2024
1040,2.2,5818,Draft,9/22/2024
1041,3.4,2513,EFT,1/4/2024
1042,5.7,14847,Draft,12/13/2024
1043,4.6,48559,Pay Order,10/3/2024
1044,4.2,23981,Cheque,12/11/2024
1045,,30799,EFT,10/12/2024
1046,2.9,17977,Cheque,6/24/2024
1047,5.7,45735,Cash,2/8/2024
1048,4.1,15085,Cheque,3/24/2024
1049,5.8,36905,Cash,8/16/2024
1050,3.2,23964,Draft,5/13/2024
1051,3.6,45735,Pay Order,3/17/2024
1052,2.3,29417,Pay Order,10/5/2024
1053,4.8,37837,Cheque,9/28/2024
1054,,30686,Draft,7/21/2024
1055,2.4,43169,EFT,6/14/2024
1056,2.4,9805,Cheque,8/8/2024
1057,4.6,13258,Cheque,10/24/2024
1058,3.5,32223,Cash,1/30/2024
1059,3.1,38840,Pay Order,8/31/2024
1060,3.4,13074,Cheque,6/12/2024
1061,2.4,35875,Pay Order,12/11/2024
1062,,30152,EFT,4/30/2024
1063,3.0,23183,EFT,5/23/2024
1064,2.1,15385,Cash,1/3/2024
1065,5.3,27862,Cheque,4/8/2024
1066,4.6,9948,Cheque,2/27/2024
1067,3.9,39966,Cheque,10/18/2024
1068,2.9,25985,EFT,3/9/2024
1069,4.5,33537,Draft,11/14/2024
1070,3.2,39970,Draft,3/13/2024
1071,,48132,EFT,9/29/2024
1072,5.4,39527,Cheque,5/5/2024
1073,2.9,35046,EFT,6/10/2024
1074,4.0,2914,Pay Order,4/6/2024
1075,3.3,4074,Pay Order,10/20/2024
1076,3.0,45924,Draft,4/13/2024
1077,3.0,12975,Cash,8/16/2024
1078,3.3,22890,Draft,5/8/2024
1079,2.6,26453,Draft,3/6/2024
1080,2.7,8276,Cheque,9/14/2024
1081,5.8,2611,Cash,9/18/2024
1082,4.9,20182,Pay Order,7/18/2024
1083,3.3,46594,Pay Order,10/30/2024
1084,,41688,EFT,10/6/2024
1085,5.5,20075,Draft,11/2/2024
1086,5.2,18977,Pay Order,2/4/2024
1087,5.8,9096,Cash,9/23/2024
1088,4.2,8179,Cash,11/2/2024
1089,3.7,33282,Draft,7/19/2024
1090,4.7,1966,Cash,2/27/2024
1091,3.2,41610,Cash,6/26/2024
1092,4.2,23405,Cheque,2/2/2024
1093,5.8,40082,Cheque,6/23/2024
1094,2.8,47505,Cash,6/6/2024
1095,4.3,48055,Cash,3/8/2024
1096,3.6,8187,Cash,9/30/2024
1097,,10088,Cash,9/24/2024
1098,4.9,8816,Pay Order,9/3/2024
1099,2.0,44903,Pay Order,3/15/2024
1100,2.7,1936,Cheque,1/11/2024
1101,3.8,27027,Cheque,1/11/2024
1102,,43236,Draft,5/21/2024
1103,3.0,13602,Draft,9/28/2024
1104,3.5,10413,EFT,10/16/2024
1105,2.7,15095,EFT,5/11/2024
1106,2.8,24835,Pay Order,1/18/2024
1107,2.9,41048,EFT,4/5/2024
1108,2.8,36911,Pay Order,3/11/2024
1109,,46985,EFT,11/9/2024
1110,5.1,18718,Cheque,1/22/2024
1111,2.7,20300,Cheque,1/9/2024
1112,4.4,33201,Draft,4/14/2024
1113,2.2,28699,Draft,8/2/2024
1114,4.0,10057,Draft,7/5/2024
1115,4.8,20107,Cheque,2/19/2024
1116,,12649,Cheque,12/6/2024
1117,5.1,26747,Cash,9/20/2024
1118,4.2,27350,Cash,8/9/2024
1119,3.0,43305,Cheque,1/28/2024
1120,3.8,49017,Cash,1/21/2024
1121,3.8,10776,Pay Order,12/25/2024
1122,4.7,26101,Draft,11/26/2024
1123,5.0,21747,Pay Order,4/22/2024
1124,5.8,43972,Draft,12/25/2024
1125,3.8,20199,Pay Order,7/12/2024
1126,5.4,14279,Cash,8/8/2024
1127,5.2,17363,Cash,8/24/2024
1128,4.5,37392,Cheque,6/4/2024
1129,5.0,38276,EFT,8/31/2024
1130,3.7,13342,Pay Order,8/26/2024
1131,3.4,22185,Cash,4/25/2024
1132,2.5,30810,Cash,1/24/2024
1133,2.2,32088,Cheque,12/27/2024
1134,5.2,4416,Cash,5/10/2024
1135,3.8,29575,Cash,6/16/2024
1136,4.5,7914,EFT,7/20/2024
1137,,29202,Cash,1/23/2024
1138,2.7,48028,EFT,12/27/2024
1139,4.3,12678,Cheque,8/7/2024
1140,5.8,48960,Cheque,12/16/2024
1141,3.0,33597,Draft,12/21/2024
1142,2.6,31644,Pay Order,10/3/2024
1143,2.7,932,Cash,6/3/2024
1144,5.2,44910,Draft,9/21/2024
1145,5.3,28643,EFT,12/13/2024
1146,3.5,14487,Draft,5/22/2024
1147,6.0,4954,EFT,6/13/2024
1148,3.8,29003,Draft,8/11/2024
1149,3.9,34401,Cash,10/25/2024
1150,4.7,16174,Cash,7/7/2024
1151,3.5,20665,Draft,9/22/2024
1152,5.2,46384,Draft,10/1/2024
1153,5.1,9940,Cheque,8/9/2024
1154,4.0,4493,EFT,12/27/2024
1155,5.8,39668,Pay Order,12/11/2024
1156,5.0,2050,EFT,10/2/2024
1157,3.1,24224,Draft,12/5/2024
1158,3.3,39554,EFT,7/13/2024
1159,4.8,5460,Pay Order,12/30/2024
1160,3.0,25374,Draft,9/13/2024
1161,2.1,20097,Cheque,9/5/2024
1162,,5424,Draft,1/3/2024
1163,4.8,13280,EFT,5/28/2024
1164,2.1,45964,Pay Order,3/20/2024
1165,3.2,35979,EFT,2/4/2024
1166,3.4,20624,Draft,2/28/2024
1167,4.9,21453,Draft,4/3/2024
1168,4.2,42076,Draft,12/4/2024
1169,3.8,30781,Cheque,11/21/2024
1170,2.9,35255,Pay Order,7/13/2024
1171,4.7,9679,Pay Order,4/19/2024
1172,2.9,9502,Cheque,7/13/2024
1173,3.6,24947,Cash,1/29/2024
1174,2.5,42636,Cash,9/24/2024
1175,5.5,40930,Draft,2/20/2024
1176,4.7,11434,Cheque,8/3/2024
1177,2.7,20941,Pay Order,7/1/2024
1178,4.2,14279,Pay Order,1/14/2024
1179,5.4,47295,EFT,1/3/2024
1180,2.5,13222,Draft,5/18/2024
1181,3.1,49717,Pay Order,7/19/2024
1182,3.9,11032,Cash,12/18/2024
1183,4.3,6640,EFT,6/21/2024
1184,2.6,45414,Pay Order,10/5/2024
1185,5.5,10844,Cash,2/29/2024
1186,4.2,41783,Cheque,12/28/2024
1187,4.0,44971,Cash,11/23/2024
1188,3.8,48424,EFT,10/9/2024
1189,3.8,22184,Pay Order,7/20/2024
1190,4.4,5316,Cheque,9/29/2024
1191,5.7,29872,Draft,10/29/2024
1192,4.7,9615,Draft,2/2/2024
1193,2.6,41751,Cheque,12/18/2024
1194,2.8,21493,Cheque,10/14/2024
1195,5.6,29001,Draft,4/10/2024
1196,2.6,31728,Draft,8/10/2024
1197,3.3,46438,Cheque,11/17/2024
1198,4.6,49404,Pay Order,9/1/2024
1199,2.7,40884,EFT,6/30/2024
1200,5.3,42562,Pay Order,6/22/2024
