feature_id,lot_area_sqft,no_bedrooms,no_bathrooms,no_kitchens,no_floors,parking_area_sqft,year_built,condition_rating
1,3418,4.0,4,2,2,473.0,1981,1
2,2611,4.0,4,2,1,89.0,2022,9
3,797,1.0,1,1,1,52.0,1972,7
4,2155,3.0,3,2,1,,2020,2
5,1469,3.0,3,1,1,18.0,1982,2
6,4351,5.0,5,2,2,130.0,1991,1
7,2934,,4,2,1,181.0,2000,7
8,1502,3.0,3,2,1,,2005,9
9,3671,5.0,5,2,2,640.0,2009,4
10,3063,4.0,4,2,2,605.0,1987,4
11,1882,3.0,3,2,1,299.0,1956,6
12,1719,3.0,3,2,1,,2003,2
13,1989,3.0,3,2,1,381.0,1966,1
14,920,,1,1,1,103.0,2002,7
15,917,1.0,1,1,1,,1991,3
16,586,1.0,1,1,1,34.0,2004,2
17,3180,4.0,4,2,2,416.0,1983,3
18,1139,2.0,2,1,1,53.0,1996,1
19,1633,3.0,3,2,1,62.0,1977,2
20,2168,3.0,3,2,1,236.0,1994,5
21,2543,4.0,4,2,1,310.0,1964,7
22,2746,4.0,4,2,1,545.0,1960,9
23,762,,1,1,1,52.0,2008,4
24,3986,5.0,5,2,2,472.0,1976,8
25,2993,4.0,4,2,1,178.0,1953,5
26,4661,6.0,6,3,2,129.0,1962,8
27,2067,,3,2,1,,1967,9
28,4947,6.0,6,3,2,99.0,2010,1
29,1455,3.0,3,1,1,48.0,2002,4
30,2017,3.0,3,2,1,81.0,2013,2
31,4219,5.0,5,2,2,131.0,1978,4
32,1532,3.0,3,2,1,64.0,1985,1
33,1235,2.0,2,1,1,,1953,6
34,2259,3.0,3,2,1,66.0,2021,6
35,536,1.0,1,1,1,41.0,2011,3
36,1612,3.0,3,2,1,211.0,2007,7
37,571,,1,1,1,37.0,2003,4
38,4092,5.0,5,2,2,604.0,2013,4
39,3803,5.0,5,2,2,668.0,1955,10
40,3580,4.0,4,2,2,243.0,2022,9
41,4703,6.0,6,3,2,489.0,2005,2
42,3616,5.0,5,2,2,538.0,1968,2
43,977,1.0,1,1,1,113.0,1953,6
44,4112,5.0,5,2,2,672.0,2005,5
45,3173,4.0,4,2,2,545.0,1981,8
46,3044,4.0,4,2,2,445.0,1962,3
47,3178,4.0,4,2,2,136.0,1993,10
48,4596,6.0,6,3,2,209.0,1992,4
49,1131,2.0,2,1,1,188.0,1983,2
50,814,1.0,1,1,1,94.0,1980,10
51,2841,4.0,4,2,1,415.0,2002,3
52,1305,2.0,2,1,1,136.0,1958,3
53,4103,5.0,5,2,2,756.0,1983,9
54,1538,3.0,3,2,1,,2021,2
55,4990,6.0,6,3,2,902.0,1972,2
56,2897,4.0,4,2,1,211.0,1954,5
57,3541,4.0,4,2,2,49.0,1998,2
58,1691,3.0,3,2,1,295.0,1972,1
59,3919,5.0,5,2,2,358.0,2013,9
60,3852,5.0,5,2,2,560.0,1956,3
61,3687,5.0,5,2,2,502.0,1997,3
62,2715,4.0,4,2,1,214.0,1956,6
63,705,1.0,1,1,1,65.0,1978,6
64,3912,5.0,5,2,2,509.0,1955,4
65,4450,6.0,6,2,2,,2018,5
66,3067,4.0,4,2,2,316.0,1978,3
67,4686,6.0,6,3,2,,1960,4
68,2388,4.0,4,2,1,440.0,2001,4
69,2919,,4,2,1,,1985,7
70,3797,5.0,5,2,2,,1965,9
71,4160,5.0,5,2,2,517.0,2017,10
72,4954,6.0,6,3,2,723.0,1952,5
73,2802,4.0,4,2,1,,2001,4
74,4662,6.0,6,3,2,254.0,2008,6
75,1368,2.0,2,1,1,146.0,2004,4
76,3833,,5,2,2,12.0,2016,4
77,945,1.0,1,1,1,29.0,1995,10
78,984,,1,1,1,75.0,1951,7
79,1234,2.0,2,1,1,195.0,2016,10
80,3566,4.0,4,2,2,152.0,1976,7
81,4409,6.0,6,2,2,827.0,1979,10
82,1474,3.0,3,1,1,209.0,1957,6
83,4533,6.0,6,3,2,452.0,1973,1
84,607,1.0,1,1,1,94.0,1957,8
85,2317,4.0,4,2,1,211.0,2007,3
86,1320,2.0,2,1,1,11.0,2015,1
87,2280,3.0,3,2,1,17.0,2004,10
88,1385,2.0,2,1,1,119.0,1978,6
89,2239,,3,2,1,324.0,1973,2
90,4818,6.0,6,3,2,71.0,1952,10
91,2406,4.0,4,2,1,39.0,2020,3
92,3518,4.0,4,2,2,426.0,1969,3
93,538,1.0,1,1,1,85.0,1951,6
94,1198,2.0,2,1,1,35.0,2003,6
95,662,1.0,1,1,1,61.0,1992,7
96,1079,2.0,2,1,1,3.0,1950,10
97,2205,3.0,3,2,1,83.0,1986,7
98,3835,,5,2,2,,1976,9
99,1712,,3,2,1,305.0,1968,2
100,2322,4.0,4,2,1,301.0,1991,2
101,4337,5.0,5,2,2,90.0,2017,10
102,2551,,4,2,1,168.0,2006,5
103,1791,3.0,3,2,1,83.0,1965,7
104,2057,3.0,3,2,1,367.0,1994,7
105,555,1.0,1,1,1,37.0,2019,3
106,544,1.0,1,1,1,89.0,1967,5
107,989,1.0,1,1,1,160.0,2000,7
108,3304,,4,2,2,557.0,1972,7
109,2843,,4,2,1,118.0,1991,10
110,1788,3.0,3,2,1,255.0,1953,7
111,4246,5.0,5,2,2,462.0,1976,1
112,3398,4.0,4,2,2,406.0,2008,3
113,3443,4.0,4,2,2,47.0,1960,4
114,4523,6.0,6,3,2,,1986,6
115,1631,3.0,3,2,1,210.0,2009,2
116,4350,5.0,5,2,2,224.0,2006,3
117,3512,4.0,4,2,2,636.0,1986,2
118,1775,3.0,3,2,1,295.0,1955,10
119,968,1.0,1,1,1,122.0,2009,7
120,2371,4.0,4,2,1,83.0,2013,10
121,4169,5.0,5,2,2,203.0,1953,6
122,4969,,6,3,2,480.0,2006,9
123,2324,4.0,4,2,1,410.0,2021,1
124,1534,3.0,3,2,1,,1999,10
125,2737,4.0,4,2,1,495.0,2010,5
126,2135,3.0,3,2,1,7.0,1974,3
127,751,1.0,1,1,1,85.0,2013,3
128,1470,3.0,3,1,1,111.0,2014,10
129,2425,4.0,4,2,1,191.0,2017,4
130,4223,5.0,5,2,2,34.0,1975,3
131,1945,3.0,3,2,1,224.0,1960,8
132,2410,4.0,4,2,1,290.0,1951,5
133,3297,4.0,4,2,2,32.0,1954,5
134,3581,4.0,4,2,2,383.0,1993,6
135,2125,3.0,3,2,1,166.0,1972,1
136,4339,5.0,5,2,2,431.0,2019,3
137,2949,4.0,4,2,1,,1976,9
138,4239,5.0,5,2,2,241.0,1988,5
139,4029,,5,2,2,287.0,1982,3
140,4958,6.0,6,3,2,788.0,2006,10
141,4787,6.0,6,3,2,319.0,1955,9
142,1538,3.0,3,2,1,304.0,1993,10
143,3932,5.0,5,2,2,3.0,2019,4
144,4781,6.0,6,3,2,526.0,2012,6
145,3539,4.0,4,2,2,319.0,1980,7
146,931,1.0,1,1,1,129.0,1997,9
147,3763,5.0,5,2,2,598.0,2005,3
148,1904,3.0,3,2,1,147.0,1972,10
149,3226,4.0,4,2,2,,2015,6
150,4478,6.0,6,2,2,884.0,2015,6
151,2541,4.0,4,2,1,66.0,1974,5
152,3431,4.0,4,2,2,,2014,8
153,1934,3.0,3,2,1,285.0,1990,3
154,4641,6.0,6,3,2,315.0,1981,10
155,1162,2.0,2,1,1,5.0,1985,4
156,892,1.0,1,1,1,170.0,2023,5
157,987,1.0,1,1,1,66.0,1961,3
158,1771,3.0,3,2,1,3.0,1978,2
159,4458,6.0,6,2,2,509.0,2012,3
160,3023,4.0,4,2,2,232.0,2002,7
161,3220,4.0,4,2,2,,2017,5
162,4810,,6,3,2,491.0,1971,8
163,988,1.0,1,1,1,103.0,1965,8
164,4759,6.0,6,3,2,718.0,1994,10
165,1173,2.0,2,1,1,10.0,2017,5
166,2994,4.0,4,2,1,249.0,1954,7
167,4037,5.0,5,2,2,666.0,1991,9
168,1822,3.0,3,2,1,140.0,1990,10
169,2009,3.0,3,2,1,38.0,1976,9
170,2816,4.0,4,2,1,231.0,1989,8
171,3872,5.0,5,2,2,37.0,1973,10
172,1816,,3,2,1,157.0,1984,5
173,4081,5.0,5,2,2,270.0,2010,10
174,773,1.0,1,1,1,13.0,2012,10
175,3122,4.0,4,2,2,,2020,10
176,4147,5.0,5,2,2,532.0,1968,6
177,2595,4.0,4,2,1,269.0,1979,7
178,1343,2.0,2,1,1,127.0,1953,8
179,4867,6.0,6,3,2,324.0,1964,8
180,4163,,5,2,2,433.0,1984,5
181,2476,4.0,4,2,1,120.0,1979,3
182,1119,2.0,2,1,1,160.0,2007,7
183,3451,,4,2,2,383.0,1991,5
184,3628,5.0,5,2,2,529.0,1950,4
185,4568,6.0,6,3,2,16.0,1962,6
186,1129,2.0,2,1,1,179.0,2020,8
187,3292,4.0,4,2,2,316.0,2005,4
188,4433,6.0,6,2,2,766.0,1963,8
189,686,1.0,1,1,1,4.0,1977,4
190,4772,6.0,6,3,2,946.0,1958,1
191,2881,4.0,4,2,1,215.0,1968,5
192,3031,4.0,4,2,2,401.0,2013,5
193,3785,5.0,5,2,2,545.0,1967,5
194,3690,5.0,5,2,2,205.0,1955,2
195,4375,5.0,5,2,2,62.0,2023,8
196,4553,6.0,6,3,2,209.0,2009,2
197,3654,5.0,5,2,2,231.0,1981,3
198,4192,5.0,5,2,2,747.0,1956,8
199,4215,5.0,5,2,2,77.0,2023,5
200,2142,3.0,3,2,1,261.0,1955,2
201,4358,5.0,5,2,2,498.0,1961,9
202,2030,,3,2,1,184.0,1965,8
203,4160,5.0,5,2,2,636.0,1967,7
204,3760,5.0,5,2,2,556.0,1963,10
205,3752,5.0,5,2,2,146.0,1950,1
206,547,1.0,1,1,1,43.0,1979,2
207,3462,4.0,4,2,2,124.0,1952,3
208,2831,4.0,4,2,1,443.0,1982,6
209,3573,,4,2,2,644.0,2020,3
210,2858,4.0,4,2,1,120.0,1990,9
211,2511,4.0,4,2,1,409.0,2023,5
212,827,1.0,1,1,1,165.0,2001,6
213,1795,3.0,3,2,1,,2023,4
214,3205,4.0,4,2,2,71.0,1971,5
215,4953,6.0,6,3,2,883.0,1975,9
216,3202,4.0,4,2,2,16.0,1970,8
217,4353,5.0,5,2,2,195.0,1952,4
218,3555,4.0,4,2,2,667.0,1989,4
219,1835,3.0,3,2,1,121.0,1995,8
220,1265,2.0,2,1,1,50.0,2018,9
221,957,1.0,1,1,1,72.0,2022,2
222,918,1.0,1,1,1,28.0,1966,3
223,3986,5.0,5,2,2,649.0,2004,1
224,1093,2.0,2,1,1,64.0,1998,4
225,893,1.0,1,1,1,129.0,1982,9
226,3591,,4,2,2,,2016,1
227,604,1.0,1,1,1,69.0,1996,4
228,2877,4.0,4,2,1,265.0,2015,8
229,2627,4.0,4,2,1,386.0,1975,1
230,1262,2.0,2,1,1,234.0,1951,1
231,4042,5.0,5,2,2,,1996,8
232,2779,4.0,4,2,1,87.0,1985,3
233,1667,3.0,3,2,1,230.0,1987,6
234,3046,,4,2,2,59.0,1992,9
235,1910,3.0,3,2,1,107.0,1972,5
236,923,1.0,1,1,1,82.0,2011,7
237,3869,5.0,5,2,2,,2001,3
238,2846,4.0,4,2,1,275.0,2023,1
239,577,1.0,1,1,1,23.0,2013,1
240,4114,5.0,5,2,2,473.0,1959,10
241,1473,3.0,3,1,1,221.0,1952,9
242,3848,5.0,5,2,2,687.0,2019,8
243,2390,4.0,4,2,1,128.0,1967,9
244,1775,3.0,3,2,1,144.0,2013,8
245,1622,3.0,3,2,1,203.0,1957,7
246,1320,2.0,2,1,1,195.0,1995,3
247,2570,,4,2,1,222.0,1979,7
248,3933,,5,2,2,182.0,1965,5
249,2227,3.0,3,2,1,313.0,1996,3
250,4341,5.0,5,2,2,218.0,2010,9
251,2952,4.0,4,2,1,,2016,8
252,2428,4.0,4,2,1,207.0,1974,8
253,4375,,5,2,2,701.0,1950,2
254,4576,6.0,6,3,2,,2006,5
255,4220,5.0,5,2,2,667.0,2023,3
256,4081,5.0,5,2,2,633.0,1993,6
257,2813,4.0,4,2,1,108.0,1995,8
258,4769,,6,3,2,,2008,3
259,2693,4.0,4,2,1,535.0,2014,6
260,4254,5.0,5,2,2,321.0,1950,9
261,2630,4.0,4,2,1,433.0,1995,1
262,1671,3.0,3,2,1,84.0,1999,9
263,2283,3.0,3,2,1,127.0,2014,10
264,2301,4.0,4,2,1,251.0,2009,7
265,3487,4.0,4,2,2,244.0,1960,6
266,4494,6.0,6,2,2,430.0,1989,1
267,4269,5.0,5,2,2,600.0,1963,1
268,3682,5.0,5,2,2,475.0,1980,5
269,2187,3.0,3,2,1,194.0,1991,8
270,2563,4.0,4,2,1,411.0,1967,10
271,1401,,3,1,1,,1987,2
272,4618,6.0,6,3,2,23.0,1993,8
273,1765,3.0,3,2,1,221.0,2002,7
274,4827,,6,3,2,311.0,2009,2
275,3578,4.0,4,2,2,635.0,1950,6
276,1249,2.0,2,1,1,144.0,2017,4
277,1844,3.0,3,2,1,360.0,1986,6
278,4668,,6,3,2,109.0,1959,4
279,3819,5.0,5,2,2,111.0,1986,10
280,4841,6.0,6,3,2,467.0,1958,8
281,3616,5.0,5,2,2,355.0,1983,8
282,2773,4.0,4,2,1,529.0,2004,9
283,2137,3.0,3,2,1,,1997,10
284,3540,4.0,4,2,2,583.0,1959,10
285,4824,6.0,6,3,2,,1996,2
286,2246,3.0,3,2,1,422.0,2010,4
287,786,1.0,1,1,1,63.0,2023,6
288,3668,,5,2,2,678.0,1997,7
289,2880,4.0,4,2,1,11.0,1976,10
290,3025,4.0,4,2,2,170.0,2008,2
291,4559,6.0,6,3,2,570.0,1960,5
292,4952,6.0,6,3,2,909.0,2000,8
293,4789,6.0,6,3,2,359.0,1976,8
294,1346,2.0,2,1,1,29.0,2004,5
295,4259,,5,2,2,654.0,2012,1
296,4499,6.0,6,2,2,726.0,1956,7
297,2428,4.0,4,2,1,80.0,1982,3
298,589,1.0,1,1,1,30.0,1976,4
299,4740,6.0,6,3,2,719.0,1967,7
300,2126,3.0,3,2,1,247.0,1977,7
301,4349,5.0,5,2,2,830.0,2010,5
302,3410,4.0,4,2,2,53.0,1978,7
303,1303,2.0,2,1,1,1.0,1992,8
304,1136,2.0,2,1,1,13.0,1986,8
305,1245,2.0,2,1,1,15.0,1953,10
306,1502,3.0,3,2,1,83.0,1966,5
307,1845,3.0,3,2,1,276.0,1957,3
308,3320,4.0,4,2,2,,1972,5
309,705,1.0,1,1,1,,1994,2
310,4671,,6,3,2,474.0,1973,10
311,3431,4.0,4,2,2,,2001,8
312,623,1.0,1,1,1,68.0,1960,10
313,947,,1,1,1,166.0,1960,3
314,1749,3.0,3,2,1,203.0,1955,3
315,2097,3.0,3,2,1,260.0,2018,4
316,782,,1,1,1,,2015,6
317,3248,4.0,4,2,2,422.0,1969,10
318,2779,4.0,4,2,1,339.0,1970,4
319,3661,5.0,5,2,2,714.0,1984,6
320,4040,5.0,5,2,2,,2018,6
321,1085,2.0,2,1,1,129.0,2014,1
322,4402,6.0,6,2,2,345.0,1953,2
323,3041,4.0,4,2,2,246.0,1976,7
324,1535,,3,2,1,51.0,1971,7
325,3246,4.0,4,2,2,274.0,1978,4
326,3570,,4,2,2,370.0,2014,5
327,807,1.0,1,1,1,91.0,1998,5
328,3670,5.0,5,2,2,43.0,1950,9
329,1769,3.0,3,2,1,215.0,2013,7
330,2398,4.0,4,2,1,121.0,1964,7
331,888,1.0,1,1,1,,2009,3
332,2416,4.0,4,2,1,4.0,2011,9
333,1061,2.0,2,1,1,72.0,1969,9
334,1382,2.0,2,1,1,210.0,2006,8
335,3098,4.0,4,2,2,613.0,1983,9
336,4931,6.0,6,3,2,418.0,1958,7
337,1106,2.0,2,1,1,33.0,2009,1
338,2058,3.0,3,2,1,292.0,1979,5
339,4912,6.0,6,3,2,409.0,1995,2
340,2678,4.0,4,2,1,136.0,2015,1
341,3575,4.0,4,2,2,313.0,1974,4
342,1960,3.0,3,2,1,127.0,2014,10
343,2218,3.0,3,2,1,,1994,5
344,1420,3.0,3,1,1,67.0,1956,8
345,1651,,3,2,1,16.0,2020,2
346,4415,6.0,6,2,2,144.0,1994,2
347,519,,1,1,1,12.0,1967,5
348,3728,5.0,5,2,2,513.0,1997,7
349,2592,4.0,4,2,1,365.0,1981,5
350,3320,4.0,4,2,2,341.0,1981,3
351,1077,2.0,2,1,1,158.0,2018,1
352,3840,5.0,5,2,2,705.0,1975,8
353,3588,4.0,4,2,2,362.0,1983,8
354,1503,3.0,3,2,1,153.0,1974,4
355,2463,4.0,4,2,1,184.0,1991,7
356,2834,4.0,4,2,1,423.0,1990,1
357,2922,4.0,4,2,1,481.0,1966,8
358,3397,,4,2,2,370.0,1963,7
359,2791,4.0,4,2,1,16.0,1950,1
360,969,1.0,1,1,1,125.0,1950,2
361,2607,4.0,4,2,1,134.0,1952,3
362,4403,,6,2,2,698.0,1976,4
363,4885,6.0,6,3,2,459.0,1957,5
364,1228,2.0,2,1,1,127.0,1977,5
365,3882,5.0,5,2,2,567.0,1983,7
366,513,1.0,1,1,1,57.0,1961,5
367,4087,5.0,5,2,2,597.0,1960,5
368,1668,3.0,3,2,1,265.0,1987,1
369,3909,5.0,5,2,2,713.0,1977,6
370,1998,3.0,3,2,1,245.0,1984,1
371,576,1.0,1,1,1,110.0,1965,10
372,1693,3.0,3,2,1,180.0,1992,1
373,4625,6.0,6,3,2,432.0,1966,6
374,2317,4.0,4,2,1,59.0,1972,2
375,848,1.0,1,1,1,27.0,1966,1
376,2487,4.0,4,2,1,1.0,1973,2
377,519,1.0,1,1,1,71.0,2002,4
378,3615,5.0,5,2,2,107.0,1955,4
379,4861,6.0,6,3,2,739.0,2013,8
380,1548,3.0,3,2,1,50.0,1984,1
381,843,1.0,1,1,1,32.0,2013,8
382,1444,3.0,3,1,1,115.0,1965,5
383,577,1.0,1,1,1,,1999,2
384,3626,5.0,5,2,2,294.0,1994,6
385,3841,5.0,5,2,2,734.0,1980,8
386,2681,4.0,4,2,1,358.0,2005,1
387,673,,1,1,1,71.0,2000,10
388,4513,,6,3,2,745.0,1984,10
389,2844,4.0,4,2,1,52.0,1968,1
390,2230,3.0,3,2,1,78.0,1957,2
391,3804,5.0,5,2,2,345.0,1951,6
392,4029,5.0,5,2,2,196.0,1968,6
393,3846,5.0,5,2,2,73.0,2006,1
394,2990,4.0,4,2,1,517.0,1965,8
395,4430,6.0,6,2,2,709.0,1997,9
396,3719,5.0,5,2,2,84.0,2012,9
397,1399,2.0,2,1,1,132.0,1990,8
398,1590,3.0,3,2,1,166.0,2007,2
399,2953,4.0,4,2,1,288.0,1981,7
400,3688,,5,2,2,641.0,2023,5
401,2667,4.0,4,2,1,23.0,1997,2
402,4370,5.0,5,2,2,747.0,1954,9
403,1443,3.0,3,1,1,200.0,2013,5
404,763,1.0,1,1,1,146.0,2023,4
405,4421,6.0,6,2,2,796.0,2018,3
406,4025,5.0,5,2,2,657.0,1993,6
407,4555,6.0,6,3,2,89.0,1980,6
408,777,,1,1,1,118.0,1951,4
409,4795,6.0,6,3,2,833.0,1993,3
410,2298,3.0,3,2,1,407.0,1974,3
411,3850,5.0,5,2,2,603.0,1964,9
412,4556,6.0,6,3,2,824.0,1993,5
413,3422,4.0,4,2,2,464.0,1970,6
414,581,1.0,1,1,1,0.0,1952,2
415,4545,6.0,6,3,2,523.0,2006,6
416,4337,5.0,5,2,2,663.0,1962,9
417,4117,5.0,5,2,2,692.0,1992,7
418,4328,5.0,5,2,2,808.0,1955,5
419,2473,,4,2,1,,2009,7
420,2579,4.0,4,2,1,14.0,1991,9
421,1654,,3,2,1,245.0,1979,10
422,1965,3.0,3,2,1,335.0,1974,5
423,4888,6.0,6,3,2,152.0,2022,9
424,2846,4.0,4,2,1,302.0,2021,6
425,2256,3.0,3,2,1,67.0,1988,8
426,3189,4.0,4,2,2,95.0,1977,4
427,2517,4.0,4,2,1,21.0,2011,5
428,665,1.0,1,1,1,38.0,2013,4
429,939,1.0,1,1,1,95.0,2004,7
430,3491,4.0,4,2,2,291.0,2014,6
431,1420,3.0,3,1,1,36.0,1990,2
432,1184,,2,1,1,154.0,1981,6
433,2561,4.0,4,2,1,187.0,1990,10
434,1712,3.0,3,2,1,108.0,1984,7
435,2163,3.0,3,2,1,,2009,2
436,771,1.0,1,1,1,78.0,1951,1
437,1172,2.0,2,1,1,176.0,1982,2
438,4403,6.0,6,2,2,410.0,1986,2
439,2713,4.0,4,2,1,211.0,2005,8
440,2991,4.0,4,2,1,358.0,1967,9
441,3568,4.0,4,2,2,72.0,1955,6
442,1846,3.0,3,2,1,70.0,2003,3
443,3997,5.0,5,2,2,386.0,2003,1
444,3074,4.0,4,2,2,,1955,6
445,4612,6.0,6,3,2,620.0,1966,9
446,4379,5.0,5,2,2,369.0,2001,8
447,3233,4.0,4,2,2,,1951,5
448,2289,3.0,3,2,1,345.0,2015,5
449,649,1.0,1,1,1,19.0,1985,1
450,4756,6.0,6,3,2,390.0,1952,9
451,3864,5.0,5,2,2,176.0,1977,3
452,4112,,5,2,2,815.0,1959,6
453,3444,4.0,4,2,2,226.0,2021,6
454,4098,5.0,5,2,2,,1970,8
455,1525,3.0,3,2,1,64.0,2020,9
456,3545,4.0,4,2,2,442.0,1963,9
457,4225,5.0,5,2,2,423.0,1998,5
458,3840,5.0,5,2,2,676.0,2002,5
459,1267,2.0,2,1,1,164.0,1969,10
460,2707,4.0,4,2,1,45.0,1984,6
461,3292,4.0,4,2,2,301.0,2005,8
462,4814,6.0,6,3,2,903.0,1951,3
463,1947,3.0,3,2,1,237.0,2018,8
464,2949,4.0,4,2,1,443.0,1972,2
465,1117,2.0,2,1,1,204.0,1985,8
466,1426,3.0,3,1,1,134.0,2021,10
467,2571,4.0,4,2,1,252.0,2013,8
468,4497,6.0,6,2,2,857.0,1982,5
469,607,1.0,1,1,1,56.0,1957,8
470,3166,4.0,4,2,2,388.0,1979,8
471,4186,5.0,5,2,2,530.0,1973,5
472,4038,5.0,5,2,2,241.0,2016,7
473,2300,4.0,4,2,1,235.0,1993,4
474,1910,3.0,3,2,1,350.0,2018,6
475,1299,2.0,2,1,1,,1957,8
476,4698,6.0,6,3,2,,1959,6
477,1473,3.0,3,1,1,204.0,2010,1
478,2474,4.0,4,2,1,178.0,1993,5
479,2988,4.0,4,2,1,291.0,1980,10
480,4622,6.0,6,3,2,,1987,3
481,989,1.0,1,1,1,192.0,1964,6
482,4106,5.0,5,2,2,216.0,1951,6
483,1449,3.0,3,1,1,63.0,2021,3
484,2923,4.0,4,2,1,362.0,1955,1
485,1956,3.0,3,2,1,339.0,1974,5
486,4249,5.0,5,2,2,467.0,2013,3
487,3112,4.0,4,2,2,293.0,2008,9
488,1410,3.0,3,1,1,233.0,1965,10
489,714,1.0,1,1,1,,1988,9
490,3839,5.0,5,2,2,,1971,4
491,3499,4.0,4,2,2,319.0,1999,4
492,2840,4.0,4,2,1,188.0,2018,3
493,4387,5.0,5,2,2,203.0,1996,1
494,2865,4.0,4,2,1,217.0,1982,9
495,4947,6.0,6,3,2,526.0,2006,7
496,4222,5.0,5,2,2,113.0,2000,2
497,4085,5.0,5,2,2,271.0,1958,4
498,3882,5.0,5,2,2,770.0,2008,1
499,2066,3.0,3,2,1,295.0,2001,5
500,4550,6.0,6,3,2,,1956,7
501,2906,4.0,4,2,1,,1993,6
502,2546,4.0,4,2,1,185.0,1973,10
503,4405,,6,2,2,109.0,1977,2
504,3216,4.0,4,2,2,30.0,1964,1
505,2296,3.0,3,2,1,310.0,2009,1
506,3278,4.0,4,2,2,622.0,1982,5
507,3029,4.0,4,2,2,158.0,2011,7
508,4367,5.0,5,2,2,826.0,2009,10
509,4725,6.0,6,3,2,484.0,1966,7
510,2101,3.0,3,2,1,358.0,1958,6
511,3795,5.0,5,2,2,627.0,1958,3
512,2040,3.0,3,2,1,227.0,1961,2
513,3890,5.0,5,2,2,482.0,1990,7
514,4407,6.0,6,2,2,375.0,1975,9
515,3934,5.0,5,2,2,760.0,2019,4
516,4682,6.0,6,3,2,237.0,1969,4
517,4103,5.0,5,2,2,148.0,1977,3
518,3622,5.0,5,2,2,244.0,1983,2
519,1061,2.0,2,1,1,27.0,1985,10
520,4392,5.0,5,2,2,313.0,2011,1
521,2894,,4,2,1,,1955,4
522,4871,6.0,6,3,2,361.0,2018,7
523,2155,3.0,3,2,1,220.0,1957,10
524,3401,4.0,4,2,2,355.0,1968,4
525,3597,4.0,4,2,2,500.0,1962,1
526,2527,4.0,4,2,1,213.0,1990,10
527,4084,5.0,5,2,2,,1996,6
528,3237,4.0,4,2,2,636.0,1996,3
529,3814,5.0,5,2,2,717.0,1993,5
530,652,1.0,1,1,1,121.0,2015,6
531,3460,4.0,4,2,2,25.0,1998,1
532,4950,6.0,6,3,2,712.0,1985,10
533,576,1.0,1,1,1,52.0,1990,5
534,1259,,2,1,1,14.0,1965,10
535,4696,6.0,6,3,2,214.0,1960,5
536,1469,3.0,3,1,1,95.0,1968,6
537,824,1.0,1,1,1,100.0,1969,1
538,3934,5.0,5,2,2,453.0,2015,2
539,1218,,2,1,1,77.0,1992,3
540,1387,2.0,2,1,1,112.0,1977,9
541,2972,4.0,4,2,1,462.0,1990,2
542,2658,4.0,4,2,1,506.0,2019,10
543,685,1.0,1,1,1,68.0,2000,10
544,3073,4.0,4,2,2,99.0,1968,3
545,3601,5.0,5,2,2,61.0,1957,9
546,4538,6.0,6,3,2,643.0,1996,2
547,3590,4.0,4,2,2,382.0,2002,9
548,3705,5.0,5,2,2,687.0,2011,2
549,1033,2.0,2,1,1,143.0,1960,9
550,4812,6.0,6,3,2,811.0,2011,4
551,3148,,4,2,2,228.0,1952,1
552,3214,4.0,4,2,2,458.0,1959,7
553,1687,,3,2,1,20.0,1988,1
554,1819,3.0,3,2,1,46.0,2020,3
555,4918,6.0,6,3,2,163.0,1957,1
556,2646,4.0,4,2,1,176.0,1951,4
557,3914,5.0,5,2,2,290.0,1983,2
558,4459,6.0,6,2,2,661.0,1979,1
559,2619,4.0,4,2,1,320.0,2003,9
560,2573,4.0,4,2,1,512.0,2020,6
561,4837,6.0,6,3,2,,1955,1
562,2818,4.0,4,2,1,430.0,1995,4
563,1017,,2,1,1,179.0,2020,6
564,847,1.0,1,1,1,168.0,1965,6
565,2943,4.0,4,2,1,480.0,1970,8
566,4060,5.0,5,2,2,709.0,2018,5
567,3935,5.0,5,2,2,321.0,1964,5
568,3255,4.0,4,2,2,615.0,1978,5
569,3108,4.0,4,2,2,,1982,7
570,4543,6.0,6,3,2,712.0,2020,6
571,1234,2.0,2,1,1,49.0,1982,10
572,4122,5.0,5,2,2,766.0,1995,4
573,1451,,3,1,1,,1980,8
574,2122,3.0,3,2,1,325.0,2010,5
575,4825,6.0,6,3,2,509.0,1992,1
576,1913,3.0,3,2,1,321.0,2014,6
577,2003,3.0,3,2,1,192.0,1988,9
578,4057,5.0,5,2,2,577.0,1977,1
579,925,1.0,1,1,1,90.0,1967,5
580,4682,6.0,6,3,2,766.0,1971,1
581,3763,5.0,5,2,2,342.0,1988,2
582,1480,3.0,3,1,1,201.0,1958,8
583,4791,6.0,6,3,2,477.0,1970,7
584,1776,3.0,3,2,1,197.0,2019,3
585,2352,,4,2,1,,1996,8
586,1962,3.0,3,2,1,170.0,1970,6
587,2040,3.0,3,2,1,57.0,1981,4
588,2225,3.0,3,2,1,162.0,1974,7
589,3208,4.0,4,2,2,239.0,1986,6
590,3944,5.0,5,2,2,481.0,2006,6
591,4809,6.0,6,3,2,,2015,8
592,4750,6.0,6,3,2,92.0,1972,8
593,3699,5.0,5,2,2,368.0,1982,7
594,1753,3.0,3,2,1,297.0,1978,6
595,2230,3.0,3,2,1,445.0,1998,1
596,2229,3.0,3,2,1,404.0,1967,10
597,3905,5.0,5,2,2,609.0,1957,3
598,1500,3.0,3,2,1,155.0,1972,1
599,2719,4.0,4,2,1,414.0,1975,7
600,4528,6.0,6,3,2,249.0,2018,1
601,840,1.0,1,1,1,131.0,1990,2
602,2105,3.0,3,2,1,407.0,2003,6
603,676,1.0,1,1,1,127.0,2009,2
604,1271,2.0,2,1,1,29.0,1960,10
605,4250,5.0,5,2,2,830.0,2018,9
606,2695,4.0,4,2,1,11.0,1986,5
607,3683,5.0,5,2,2,530.0,1971,4
608,2847,4.0,4,2,1,329.0,2002,2
609,2143,3.0,3,2,1,259.0,2016,3
610,3564,4.0,4,2,2,595.0,2019,1
611,2869,4.0,4,2,1,309.0,1958,7
612,4842,6.0,6,3,2,387.0,1986,4
613,1551,3.0,3,2,1,,1977,6
614,3464,4.0,4,2,2,200.0,1988,6
615,4310,5.0,5,2,2,493.0,1964,2
616,2096,3.0,3,2,1,13.0,2010,4
617,551,1.0,1,1,1,90.0,1955,6
618,3114,4.0,4,2,2,529.0,2007,3
619,3794,5.0,5,2,2,268.0,1997,8
620,1495,3.0,3,1,1,245.0,1987,9
621,2733,4.0,4,2,1,7.0,2010,5
622,1555,3.0,3,2,1,303.0,2011,2
623,2450,4.0,4,2,1,450.0,1981,7
624,2773,4.0,4,2,1,111.0,1959,1
625,4579,6.0,6,3,2,,1977,4
626,3565,4.0,4,2,2,640.0,1970,9
627,1479,3.0,3,1,1,96.0,1999,8
628,4572,6.0,6,3,2,281.0,2005,9
629,731,1.0,1,1,1,95.0,2015,2
630,1419,3.0,3,1,1,281.0,1996,10
631,1886,3.0,3,2,1,,2018,9
632,2035,3.0,3,2,1,245.0,2015,10
633,4905,6.0,6,3,2,421.0,1996,8
634,3731,5.0,5,2,2,131.0,1986,1
635,3192,4.0,4,2,2,550.0,1964,2
636,2322,4.0,4,2,1,436.0,2014,3
637,3624,5.0,5,2,2,135.0,1981,1
638,3645,5.0,5,2,2,195.0,1951,3
639,2165,3.0,3,2,1,340.0,2008,1
640,3767,5.0,5,2,2,174.0,2012,5
641,3976,5.0,5,2,2,138.0,2019,1
642,4091,5.0,5,2,2,119.0,2003,6
643,2429,,4,2,1,316.0,1968,5
644,4734,6.0,6,3,2,62.0,2010,10
645,4176,5.0,5,2,2,290.0,1990,2
646,2477,4.0,4,2,1,120.0,1972,5
647,1428,3.0,3,1,1,114.0,2017,4
648,4748,6.0,6,3,2,287.0,1956,3
649,1529,3.0,3,2,1,17.0,1963,2
650,1867,3.0,3,2,1,94.0,2009,5
651,3610,5.0,5,2,2,681.0,1976,3
652,4354,5.0,5,2,2,527.0,2017,6
653,3959,5.0,5,2,2,552.0,2001,8
654,1102,2.0,2,1,1,190.0,1989,4
655,3701,5.0,5,2,2,,2019,6
656,1139,2.0,2,1,1,14.0,2005,10
657,1790,3.0,3,2,1,309.0,2006,6
658,4792,6.0,6,3,2,88.0,1996,6
659,2268,3.0,3,2,1,319.0,1956,3
660,2658,4.0,4,2,1,43.0,2014,5
661,4115,5.0,5,2,2,,1955,9
662,3200,4.0,4,2,2,369.0,1953,7
663,2151,3.0,3,2,1,397.0,1994,6
664,2255,3.0,3,2,1,,1988,10
665,539,1.0,1,1,1,84.0,1974,4
666,4881,6.0,6,3,2,81.0,1989,1
667,1047,2.0,2,1,1,152.0,1999,6
668,3129,4.0,4,2,2,318.0,2017,7
669,2933,4.0,4,2,1,560.0,1986,4
670,2855,4.0,4,2,1,198.0,1992,3
671,3195,4.0,4,2,2,15.0,1968,7
672,2921,4.0,4,2,1,220.0,1971,4
673,4922,6.0,6,3,2,110.0,2020,2
674,4169,5.0,5,2,2,368.0,1978,7
675,3328,,4,2,2,184.0,1973,8
676,2257,,3,2,1,,1997,3
677,4545,6.0,6,3,2,448.0,2013,9
678,759,1.0,1,1,1,133.0,2023,9
679,3387,4.0,4,2,2,315.0,1988,3
680,2437,,4,2,1,129.0,1964,8
681,4781,6.0,6,3,2,341.0,1991,2
682,2127,3.0,3,2,1,388.0,1994,10
683,4143,5.0,5,2,2,415.0,1953,10
684,713,1.0,1,1,1,,1991,8
685,3136,4.0,4,2,2,608.0,1960,9
686,1991,3.0,3,2,1,173.0,1985,3
687,1076,2.0,2,1,1,166.0,1987,9
688,3910,5.0,5,2,2,583.0,2022,3
689,3064,4.0,4,2,2,89.0,2022,9
690,1176,2.0,2,1,1,148.0,1967,3
691,2571,4.0,4,2,1,141.0,1980,4
692,2354,4.0,4,2,1,310.0,1964,6
693,2173,3.0,3,2,1,10.0,2018,9
694,3032,4.0,4,2,2,53.0,2014,7
695,4110,5.0,5,2,2,157.0,1993,4
696,3225,4.0,4,2,2,575.0,2002,9
697,4231,5.0,5,2,2,658.0,1989,6
698,1105,2.0,2,1,1,67.0,1987,7
699,3044,4.0,4,2,2,375.0,1997,2
700,4359,5.0,5,2,2,223.0,2019,8
701,2258,3.0,3,2,1,262.0,1973,4
702,2298,3.0,3,2,1,283.0,1998,1
703,3889,5.0,5,2,2,9.0,1993,3
704,1990,3.0,3,2,1,254.0,2020,2
705,1056,2.0,2,1,1,54.0,1963,10
706,4910,,6,3,2,357.0,1973,4
707,1252,2.0,2,1,1,117.0,2009,10
708,835,1.0,1,1,1,118.0,2007,10
709,3813,5.0,5,2,2,354.0,2004,9
710,1982,3.0,3,2,1,266.0,2002,7
711,4874,6.0,6,3,2,409.0,1954,1
712,855,1.0,1,1,1,89.0,1981,10
713,1731,3.0,3,2,1,68.0,1983,10
714,638,1.0,1,1,1,123.0,2010,2
715,3956,5.0,5,2,2,435.0,1962,9
716,1782,3.0,3,2,1,58.0,2012,2
717,2802,4.0,4,2,1,261.0,2019,8
718,1424,3.0,3,1,1,151.0,1971,3
719,2732,4.0,4,2,1,,2017,8
720,3483,,4,2,2,55.0,1961,1
721,3558,4.0,4,2,2,256.0,1993,6
722,4726,6.0,6,3,2,114.0,1953,6
723,1549,3.0,3,2,1,84.0,2007,5
724,3947,5.0,5,2,2,205.0,1956,9
725,1225,2.0,2,1,1,159.0,2008,4
726,4316,5.0,5,2,2,824.0,2010,6
727,4600,6.0,6,3,2,598.0,2000,2
728,2431,4.0,4,2,1,322.0,1975,10
729,2952,,4,2,1,345.0,2000,4
730,672,1.0,1,1,1,3.0,1978,1
731,3410,,4,2,2,219.0,2003,8
732,2239,3.0,3,2,1,3.0,1997,7
733,4058,5.0,5,2,2,515.0,2005,6
734,4917,6.0,6,3,2,219.0,1987,9
735,3357,4.0,4,2,2,88.0,1984,7
736,4162,5.0,5,2,2,805.0,1959,5
737,2583,4.0,4,2,1,,2002,7
738,2771,4.0,4,2,1,502.0,1966,8
739,2164,3.0,3,2,1,,1965,8
740,1196,2.0,2,1,1,211.0,1955,5
741,1677,3.0,3,2,1,45.0,1994,5
742,3867,5.0,5,2,2,755.0,1983,1
743,4685,6.0,6,3,2,401.0,1970,9
744,3935,5.0,5,2,2,340.0,2015,10
745,2220,3.0,3,2,1,136.0,1995,3
746,3300,,4,2,2,435.0,1952,2
747,3345,4.0,4,2,2,,1966,8
748,3614,5.0,5,2,2,427.0,1973,6
749,735,1.0,1,1,1,29.0,1983,4
750,4523,6.0,6,3,2,873.0,1950,2
751,603,1.0,1,1,1,71.0,1951,9
752,1890,3.0,3,2,1,107.0,1999,3
753,3739,5.0,5,2,2,337.0,1967,5
754,1346,2.0,2,1,1,,2023,7
755,1595,3.0,3,2,1,119.0,1986,4
756,3222,4.0,4,2,2,462.0,1972,3
757,2808,4.0,4,2,1,363.0,1967,7
758,4366,5.0,5,2,2,698.0,1958,2
759,1645,3.0,3,2,1,155.0,1950,5
760,3613,5.0,5,2,2,600.0,1963,5
761,1082,2.0,2,1,1,56.0,1960,5
762,881,1.0,1,1,1,156.0,1953,9
763,1876,3.0,3,2,1,365.0,1988,3
764,2158,3.0,3,2,1,169.0,1997,8
765,2429,,4,2,1,460.0,2001,7
766,3019,4.0,4,2,2,599.0,1958,9
767,1427,3.0,3,1,1,252.0,1993,4
768,653,1.0,1,1,1,,1979,4
769,1757,3.0,3,2,1,337.0,2007,10
770,1691,3.0,3,2,1,283.0,1977,9
771,3475,4.0,4,2,2,478.0,1980,5
772,3324,4.0,4,2,2,17.0,1950,8
773,843,1.0,1,1,1,31.0,2017,4
774,655,,1,1,1,,1961,8
775,4199,5.0,5,2,2,744.0,1991,3
776,3390,4.0,4,2,2,451.0,1991,6
777,1434,3.0,3,1,1,162.0,1998,9
778,1832,3.0,3,2,1,139.0,2005,8
779,4734,6.0,6,3,2,,1987,4
780,3594,,4,2,2,686.0,2000,1
781,4736,6.0,6,3,2,496.0,1989,3
782,2348,4.0,4,2,1,,1981,9
783,1163,2.0,2,1,1,186.0,2004,2
784,3543,4.0,4,2,2,560.0,1957,9
785,534,1.0,1,1,1,1.0,1992,10
786,4258,5.0,5,2,2,62.0,1965,4
787,3902,5.0,5,2,2,100.0,1950,5
788,4284,5.0,5,2,2,466.0,2009,3
789,1433,3.0,3,1,1,121.0,2015,5
790,720,1.0,1,1,1,75.0,1990,6
791,662,1.0,1,1,1,52.0,1989,5
792,3920,5.0,5,2,2,313.0,1960,7
793,554,1.0,1,1,1,46.0,1955,8
794,2318,4.0,4,2,1,165.0,2007,9
795,4332,5.0,5,2,2,364.0,2022,2
796,3693,5.0,5,2,2,40.0,2023,8
797,1302,2.0,2,1,1,77.0,1959,3
798,3911,5.0,5,2,2,32.0,2016,7
799,1510,3.0,3,2,1,219.0,1976,10
800,1193,,2,1,1,21.0,1958,10
801,3188,4.0,4,2,2,93.0,1976,2
802,3573,4.0,4,2,2,267.0,1965,2
803,3829,,5,2,2,612.0,2012,9
804,3992,,5,2,2,,2016,10
805,870,1.0,1,1,1,43.0,1975,3
806,2441,4.0,4,2,1,242.0,1994,5
807,1886,3.0,3,2,1,355.0,1976,1
808,2652,4.0,4,2,1,503.0,1997,5
809,1409,,3,1,1,,1991,1
810,3295,4.0,4,2,2,175.0,1953,8
811,1033,,2,1,1,28.0,1962,8
812,2806,4.0,4,2,1,77.0,1964,6
813,4751,6.0,6,3,2,403.0,1987,10
814,2037,3.0,3,2,1,160.0,1993,7
815,2488,4.0,4,2,1,151.0,1954,3
816,1602,3.0,3,2,1,32.0,2011,8
817,4657,6.0,6,3,2,667.0,1972,9
818,1756,,3,2,1,335.0,1972,5
819,2112,3.0,3,2,1,385.0,1964,10
820,1346,2.0,2,1,1,154.0,2011,1
821,4118,5.0,5,2,2,621.0,1989,6
822,4209,5.0,5,2,2,388.0,1984,8
823,549,1.0,1,1,1,3.0,1989,8
824,1864,3.0,3,2,1,139.0,2010,9
825,4221,5.0,5,2,2,368.0,1986,7
826,4154,,5,2,2,538.0,1977,10
827,750,1.0,1,1,1,101.0,1969,5
828,3985,5.0,5,2,2,747.0,1951,2
829,704,1.0,1,1,1,125.0,2006,3
830,4109,5.0,5,2,2,648.0,1989,3
831,586,1.0,1,1,1,50.0,2017,2
832,4641,6.0,6,3,2,752.0,1970,5
833,4218,5.0,5,2,2,349.0,1987,4
834,2040,3.0,3,2,1,379.0,1960,10
835,4424,6.0,6,2,2,763.0,1967,8
836,1987,3.0,3,2,1,193.0,1994,10
837,1700,3.0,3,2,1,328.0,1966,3
838,2259,3.0,3,2,1,200.0,2021,8
839,3078,4.0,4,2,2,329.0,1998,8
840,1073,2.0,2,1,1,8.0,1956,3
841,4326,5.0,5,2,2,98.0,2001,3
842,3013,4.0,4,2,2,509.0,2011,10
843,4286,5.0,5,2,2,524.0,2001,6
844,3631,5.0,5,2,2,229.0,1977,6
845,4184,5.0,5,2,2,475.0,1975,6
846,2750,4.0,4,2,1,406.0,1993,1
847,3584,,4,2,2,61.0,1953,9
848,3952,5.0,5,2,2,450.0,2009,4
849,1061,2.0,2,1,1,66.0,2005,4
850,1878,3.0,3,2,1,39.0,1956,6
851,997,1.0,1,1,1,77.0,1954,6
852,3514,4.0,4,2,2,48.0,1954,6
853,1679,3.0,3,2,1,133.0,1985,4
854,2636,4.0,4,2,1,311.0,1998,9
855,2925,4.0,4,2,1,426.0,1994,4
856,4075,5.0,5,2,2,798.0,2012,5
857,999,1.0,1,1,1,191.0,2014,8
858,1308,2.0,2,1,1,193.0,1951,2
859,2545,4.0,4,2,1,269.0,1953,3
860,4051,5.0,5,2,2,297.0,2013,8
861,2945,4.0,4,2,1,95.0,2010,1
862,3056,4.0,4,2,2,181.0,1998,3
863,1774,3.0,3,2,1,,1951,4
864,2709,,4,2,1,71.0,2001,2
865,1112,2.0,2,1,1,57.0,2022,7
866,3121,4.0,4,2,2,493.0,2007,3
867,3473,4.0,4,2,2,328.0,2018,9
868,4578,6.0,6,3,2,297.0,1969,5
869,4836,6.0,6,3,2,232.0,1985,9
870,1083,,2,1,1,,1982,8
871,522,1.0,1,1,1,6.0,1951,5
872,2920,4.0,4,2,1,536.0,2003,1
873,2508,4.0,4,2,1,18.0,1974,3
874,1614,3.0,3,2,1,75.0,2021,6
875,3111,4.0,4,2,2,182.0,2015,10
876,3704,5.0,5,2,2,121.0,2012,9
877,1762,3.0,3,2,1,167.0,1989,5
878,1007,,2,1,1,85.0,1956,7
879,3879,5.0,5,2,2,,1994,4
880,4785,6.0,6,3,2,,2012,1
881,615,1.0,1,1,1,87.0,1951,9
882,4748,6.0,6,3,2,,2006,6
883,594,1.0,1,1,1,67.0,2005,6
884,4082,5.0,5,2,2,128.0,1957,6
885,4434,6.0,6,2,2,156.0,1970,6
886,1770,3.0,3,2,1,316.0,2017,4
887,2140,3.0,3,2,1,,2017,4
888,2604,,4,2,1,336.0,1984,10
889,4916,6.0,6,3,2,,1985,6
890,2260,3.0,3,2,1,351.0,2017,4
891,2111,3.0,3,2,1,387.0,1971,3
892,1891,3.0,3,2,1,372.0,1992,9
893,4816,6.0,6,3,2,391.0,2013,7
894,3702,5.0,5,2,2,206.0,1971,9
895,1300,2.0,2,1,1,234.0,1960,3
896,2578,4.0,4,2,1,,1976,7
897,3514,,4,2,2,381.0,1950,5
898,4246,5.0,5,2,2,447.0,1957,6
899,4126,5.0,5,2,2,392.0,1974,6
900,3458,4.0,4,2,2,276.0,2021,1
901,1384,2.0,2,1,1,,1974,7
902,1270,2.0,2,1,1,,2018,2
903,3706,5.0,5,2,2,460.0,2022,5
904,1738,3.0,3,2,1,246.0,1970,2
905,3566,4.0,4,2,2,429.0,1961,5
906,1728,3.0,3,2,1,1.0,1979,8
907,2027,3.0,3,2,1,108.0,1975,1
908,1837,,3,2,1,205.0,1987,1
909,3293,4.0,4,2,2,233.0,1998,4
910,1906,3.0,3,2,1,277.0,1952,9
911,3997,5.0,5,2,2,584.0,1996,1
912,4466,6.0,6,2,2,390.0,1972,7
913,1443,3.0,3,1,1,73.0,2022,8
914,541,1.0,1,1,1,92.0,2019,9
915,4543,,6,3,2,517.0,1962,9
916,2251,3.0,3,2,1,,1957,10
917,2732,4.0,4,2,1,495.0,1974,5
918,2927,4.0,4,2,1,457.0,1964,7
919,4506,6.0,6,3,2,868.0,2010,2
920,4225,5.0,5,2,2,785.0,1958,9
921,3292,4.0,4,2,2,107.0,1978,9
922,4365,,5,2,2,469.0,1960,3
923,4750,6.0,6,3,2,299.0,2011,8
924,2508,4.0,4,2,1,443.0,1992,6
925,3668,5.0,5,2,2,7.0,2007,4
926,4423,6.0,6,2,2,288.0,2003,8
927,4737,6.0,6,3,2,588.0,2018,4
928,4750,6.0,6,3,2,775.0,2018,8
929,963,1.0,1,1,1,73.0,1967,9
930,561,1.0,1,1,1,28.0,1959,2
931,3247,4.0,4,2,2,,2007,6
932,4620,6.0,6,3,2,253.0,1969,9
933,2159,3.0,3,2,1,105.0,1986,3
934,2332,4.0,4,2,1,457.0,1991,6
935,984,1.0,1,1,1,6.0,1961,7
936,3608,5.0,5,2,2,702.0,2020,9
937,2881,4.0,4,2,1,103.0,2000,1
938,4943,6.0,6,3,2,374.0,1990,3
939,962,1.0,1,1,1,143.0,1962,7
940,1024,2.0,2,1,1,25.0,2007,8
941,4563,6.0,6,3,2,493.0,2023,7
942,3528,4.0,4,2,2,107.0,1986,6
943,4011,5.0,5,2,2,332.0,1957,10
944,4979,6.0,6,3,2,887.0,1995,7
945,2591,4.0,4,2,1,393.0,1975,1
946,3570,4.0,4,2,2,,2001,6
947,729,1.0,1,1,1,4.0,1970,9
948,2532,,4,2,1,304.0,2019,7
949,4642,6.0,6,3,2,,1993,9
950,4326,5.0,5,2,2,674.0,1966,4
951,4496,6.0,6,2,2,672.0,2000,5
952,3773,5.0,5,2,2,172.0,1964,3
953,1372,,2,1,1,,1958,7
954,1929,3.0,3,2,1,377.0,2017,4
955,4568,6.0,6,3,2,865.0,1962,8
956,2748,4.0,4,2,1,25.0,1977,5
957,1301,2.0,2,1,1,157.0,2012,2
958,4480,6.0,6,2,2,499.0,1972,3
959,2564,4.0,4,2,1,,1991,3
960,4272,5.0,5,2,2,690.0,1986,9
961,2680,,4,2,1,278.0,2014,8
962,3724,5.0,5,2,2,94.0,1999,4
963,1270,2.0,2,1,1,174.0,1968,8
964,3307,4.0,4,2,2,351.0,1998,10
965,3075,,4,2,2,203.0,1983,7
966,2869,4.0,4,2,1,416.0,1992,9
967,2338,4.0,4,2,1,141.0,1950,9
968,3836,5.0,5,2,2,150.0,1977,5
969,1625,3.0,3,2,1,91.0,2012,10
970,2806,4.0,4,2,1,,2001,4
971,4407,6.0,6,2,2,,2013,2
972,2560,4.0,4,2,1,221.0,1962,2
973,1999,3.0,3,2,1,,1980,2
974,4045,5.0,5,2,2,516.0,1987,9
975,2601,4.0,4,2,1,49.0,2021,3
976,1439,3.0,3,1,1,,2009,10
977,2478,4.0,4,2,1,255.0,1978,10
978,1636,3.0,3,2,1,251.0,1981,6
979,2810,4.0,4,2,1,5.0,2020,6
980,4826,6.0,6,3,2,600.0,2010,2
981,753,1.0,1,1,1,,1950,9
982,3471,,4,2,2,318.0,1995,8
983,3033,4.0,4,2,2,170.0,1955,7
984,4754,6.0,6,3,2,539.0,1994,2
985,780,1.0,1,1,1,142.0,2013,8
986,4238,5.0,5,2,2,690.0,1969,4
987,3799,5.0,5,2,2,304.0,2002,9
988,1442,3.0,3,1,1,112.0,1958,2
989,1282,2.0,2,1,1,,2017,10
990,3432,4.0,4,2,2,33.0,2016,6
991,1339,2.0,2,1,1,162.0,2016,6
992,2691,4.0,4,2,1,513.0,2007,5
993,839,1.0,1,1,1,33.0,2018,7
994,1608,3.0,3,2,1,303.0,2017,4
995,3979,5.0,5,2,2,418.0,1970,5
996,4786,6.0,6,3,2,800.0,2016,2
997,2824,4.0,4,2,1,154.0,1963,5
998,2807,4.0,4,2,1,210.0,1975,8
999,1908,3.0,3,2,1,96.0,1980,7
1000,2089,3.0,3,2,1,342.0,2009,4
1001,3529,4.0,4,2,2,141.0,1979,10
1002,1761,3.0,3,2,1,68.0,2020,5
1003,1425,3.0,3,1,1,137.0,1995,2
1004,2141,3.0,3,2,1,174.0,1975,2
1005,1473,3.0,3,1,1,170.0,2018,8
1006,2025,3.0,3,2,1,194.0,1958,3
1007,3721,5.0,5,2,2,271.0,1956,5
1008,3154,4.0,4,2,2,402.0,1957,8
1009,3540,4.0,4,2,2,407.0,1972,9
1010,2752,4.0,4,2,1,57.0,1985,7
1011,4053,5.0,5,2,2,622.0,2000,2
1012,1075,2.0,2,1,1,108.0,1991,9
1013,2745,4.0,4,2,1,419.0,1990,10
1014,1262,2.0,2,1,1,209.0,2022,8
1015,815,1.0,1,1,1,136.0,1995,8
1016,3525,4.0,4,2,2,645.0,1970,8
1017,3217,4.0,4,2,2,90.0,2007,3
1018,2366,,4,2,1,374.0,1970,4
1019,2393,4.0,4,2,1,389.0,1983,3
1020,501,1.0,1,1,1,28.0,1961,3
1021,1881,3.0,3,2,1,264.0,2011,8
1022,3104,4.0,4,2,2,120.0,1987,2
1023,831,1.0,1,1,1,,1980,4
1024,1219,2.0,2,1,1,219.0,2014,1
1025,4343,5.0,5,2,2,248.0,2012,8
1026,3641,5.0,5,2,2,107.0,1999,4
1027,2879,,4,2,1,130.0,1967,6
1028,4736,6.0,6,3,2,,2013,1
1029,2897,4.0,4,2,1,403.0,1956,7
1030,4679,6.0,6,3,2,932.0,1988,2
1031,1962,3.0,3,2,1,6.0,1989,3
1032,4420,6.0,6,2,2,652.0,1979,10
1033,3102,4.0,4,2,2,533.0,2012,2
1034,1200,,2,1,1,113.0,1981,10
1035,4278,5.0,5,2,2,39.0,1975,9
1036,2983,4.0,4,2,1,,1991,9
1037,1195,2.0,2,1,1,19.0,1972,8
1038,1420,,3,1,1,123.0,2001,10
1039,906,1.0,1,1,1,89.0,1968,9
1040,4924,6.0,6,3,2,521.0,1958,1
1041,2227,3.0,3,2,1,23.0,2022,8
1042,3784,5.0,5,2,2,129.0,2021,7
1043,4749,6.0,6,3,2,574.0,2016,5
1044,3238,,4,2,2,564.0,1970,9
1045,2461,4.0,4,2,1,435.0,2008,7
1046,2841,4.0,4,2,1,336.0,1960,8
1047,3487,,4,2,2,,1954,6
1048,862,1.0,1,1,1,,1997,9
1049,2284,3.0,3,2,1,68.0,2018,6
1050,1047,2.0,2,1,1,94.0,1982,7
1051,1386,2.0,2,1,1,76.0,2002,10
1052,4078,5.0,5,2,2,437.0,1955,10
1053,3638,5.0,5,2,2,91.0,1951,5
1054,3714,5.0,5,2,2,603.0,1966,10
1055,4472,6.0,6,2,2,609.0,1967,9
1056,4183,5.0,5,2,2,,2017,4
1057,1836,3.0,3,2,1,281.0,1981,4
1058,3814,5.0,5,2,2,47.0,1994,3
1059,3439,4.0,4,2,2,676.0,2011,8
1060,3677,5.0,5,2,2,507.0,1965,7
1061,2770,4.0,4,2,1,185.0,1964,4
1062,1382,,2,1,1,183.0,1974,1
1063,2664,4.0,4,2,1,230.0,1971,8
1064,892,1.0,1,1,1,28.0,2001,1
1065,4672,6.0,6,3,2,143.0,1980,3
1066,2094,3.0,3,2,1,223.0,1977,7
1067,1776,3.0,3,2,1,195.0,1990,4
1068,4288,5.0,5,2,2,518.0,1957,10
1069,1442,3.0,3,1,1,177.0,1962,1
1070,1132,2.0,2,1,1,94.0,1953,1
1071,4338,5.0,5,2,2,617.0,1981,4
1072,3691,5.0,5,2,2,46.0,1989,9
1073,1970,3.0,3,2,1,262.0,1968,9
1074,1950,3.0,3,2,1,130.0,1978,8
1075,1261,2.0,2,1,1,121.0,2004,4
1076,2680,4.0,4,2,1,352.0,1967,8
1077,2538,4.0,4,2,1,106.0,1959,10
1078,1244,2.0,2,1,1,8.0,1963,10
1079,2584,4.0,4,2,1,29.0,1970,2
1080,2821,4.0,4,2,1,41.0,1972,2
1081,2602,4.0,4,2,1,299.0,2018,3
1082,2136,3.0,3,2,1,,1963,4
1083,4900,6.0,6,3,2,901.0,2010,7
1084,2069,3.0,3,2,1,384.0,2020,9
1085,3230,4.0,4,2,2,412.0,1990,4
1086,875,,1,1,1,61.0,2003,9
1087,2813,4.0,4,2,1,358.0,1966,5
1088,585,1.0,1,1,1,110.0,1993,3
1089,761,1.0,1,1,1,71.0,1969,2
1090,3695,5.0,5,2,2,,1977,10
1091,2327,4.0,4,2,1,346.0,1952,6
1092,3502,4.0,4,2,2,326.0,1994,5
1093,3137,4.0,4,2,2,17.0,2018,6
1094,3360,4.0,4,2,2,183.0,1963,10
1095,951,1.0,1,1,1,38.0,1968,1
1096,711,1.0,1,1,1,9.0,1985,4
1097,4122,5.0,5,2,2,596.0,1997,4
1098,2976,4.0,4,2,1,91.0,1988,9
1099,4414,6.0,6,2,2,502.0,1992,2
1100,2544,4.0,4,2,1,497.0,1991,6
1101,3245,4.0,4,2,2,332.0,2016,4
1102,1823,3.0,3,2,1,140.0,2010,5
1103,3827,5.0,5,2,2,194.0,1995,10
1104,2161,3.0,3,2,1,28.0,1999,1
1105,4615,,6,3,2,607.0,1993,4
1106,2297,3.0,3,2,1,453.0,2003,1
1107,4725,6.0,6,3,2,,1959,3
1108,4363,5.0,5,2,2,138.0,1951,8
1109,4662,6.0,6,3,2,472.0,1992,4
1110,3742,5.0,5,2,2,88.0,1966,10
1111,2027,3.0,3,2,1,52.0,1976,9
1112,1916,3.0,3,2,1,236.0,2007,1
1113,4424,6.0,6,2,2,735.0,2006,9
1114,3109,4.0,4,2,2,341.0,2002,1
1115,2234,3.0,3,2,1,359.0,1982,10
1116,1071,2.0,2,1,1,19.0,1980,2
1117,2501,4.0,4,2,1,59.0,2017,1
1118,4980,6.0,6,3,2,910.0,1967,8
1119,2352,4.0,4,2,1,143.0,1978,5
1120,1790,3.0,3,2,1,151.0,1973,5
1121,4622,6.0,6,3,2,197.0,1999,4
1122,4927,6.0,6,3,2,389.0,1998,2
1123,1677,3.0,3,2,1,143.0,1952,2
1124,1125,2.0,2,1,1,9.0,1964,2
1125,3571,,4,2,2,512.0,1975,5
1126,2565,4.0,4,2,1,395.0,1962,9
1127,2244,,3,2,1,40.0,1967,9
1128,1803,3.0,3,2,1,227.0,1970,1
1129,1525,3.0,3,2,1,,1996,4
1130,3107,4.0,4,2,2,473.0,2011,2
1131,2380,4.0,4,2,1,184.0,1982,10
1132,3223,4.0,4,2,2,314.0,1983,3
1133,4410,,6,2,2,22.0,2022,5
1134,4293,5.0,5,2,2,,2022,5
1135,1425,3.0,3,1,1,119.0,2009,4
1136,4044,5.0,5,2,2,313.0,1960,1
1137,4090,5.0,5,2,2,642.0,1991,6
1138,3842,5.0,5,2,2,507.0,2022,1
1139,3898,5.0,5,2,2,720.0,1950,8
1140,732,1.0,1,1,1,56.0,2002,3
1141,3407,4.0,4,2,2,261.0,2021,10
1142,925,1.0,1,1,1,179.0,2009,5
1143,1976,3.0,3,2,1,,1979,2
1144,2153,3.0,3,2,1,193.0,1980,10
1145,2967,4.0,4,2,1,100.0,1992,6
1146,3855,5.0,5,2,2,397.0,2017,2
1147,2112,3.0,3,2,1,71.0,2006,7
1148,1830,3.0,3,2,1,174.0,1952,9
1149,3101,4.0,4,2,2,168.0,1965,10
1150,1064,,2,1,1,136.0,1988,10
1151,800,1.0,1,1,1,,1972,10
1152,723,1.0,1,1,1,27.0,2013,1
1153,1184,2.0,2,1,1,235.0,1980,7
1154,888,1.0,1,1,1,119.0,1987,8
1155,963,1.0,1,1,1,,1964,9
1156,886,1.0,1,1,1,17.0,2010,10
1157,4293,5.0,5,2,2,204.0,2005,5
1158,2229,3.0,3,2,1,413.0,1965,5
1159,4203,5.0,5,2,2,511.0,2010,7
1160,4892,6.0,6,3,2,941.0,1978,7
1161,4086,5.0,5,2,2,98.0,2001,8
1162,1598,3.0,3,2,1,62.0,2022,2
1163,4387,5.0,5,2,2,67.0,1994,7
1164,2238,3.0,3,2,1,12.0,1952,8
1165,2072,3.0,3,2,1,82.0,1996,8
1166,4762,6.0,6,3,2,229.0,1996,10
1167,2952,4.0,4,2,1,68.0,1962,9
1168,612,,1,1,1,13.0,2004,9
1169,4505,6.0,6,3,2,43.0,1958,8
1170,3818,5.0,5,2,2,160.0,1985,2
1171,3857,5.0,5,2,2,59.0,1965,7
1172,1419,3.0,3,1,1,197.0,2022,5
1173,1268,2.0,2,1,1,50.0,2009,6
1174,2678,4.0,4,2,1,68.0,1960,7
1175,4458,6.0,6,2,2,603.0,1956,7
1176,2885,4.0,4,2,1,533.0,1990,3
1177,4746,6.0,6,3,2,407.0,1974,4
1178,3681,5.0,5,2,2,585.0,1972,9
1179,1995,3.0,3,2,1,106.0,1982,4
1180,1624,,3,2,1,209.0,1994,8
1181,2931,,4,2,1,,1950,3
1182,1948,3.0,3,2,1,68.0,2022,4
1183,3666,5.0,5,2,2,357.0,1969,8
1184,1161,2.0,2,1,1,186.0,1973,5
1185,2751,4.0,4,2,1,230.0,2019,9
1186,2369,4.0,4,2,1,,1951,8
1187,3519,4.0,4,2,2,192.0,1958,4
1188,1154,2.0,2,1,1,,1986,3
1189,1639,3.0,3,2,1,148.0,1982,5
1190,3185,4.0,4,2,2,343.0,2001,1
1191,897,1.0,1,1,1,44.0,2011,4
1192,1801,,3,2,1,,2006,6
1193,1998,3.0,3,2,1,207.0,2005,5
1194,4910,6.0,6,3,2,301.0,2016,8
1195,591,,1,1,1,81.0,1973,3
1196,3496,,4,2,2,645.0,2020,7
1197,1789,3.0,3,2,1,48.0,2007,10
1198,1653,3.0,3,2,1,261.0,1990,10
1199,821,1.0,1,1,1,5.0,2001,10
1200,1617,3.0,3,2,1,299.0,1953,2
