property_id,address_id,owner_id,agent_id,feature_id,listing_date,listing_type,asking_amount
1,411,221,327,1,1/27/2021,Sale,471216.0
2,45,988,384,2,5/6/2022,Sale,362377.0
3,338,181,643,3,6/29/2020,Sale,595328.0
4,26,765,108,4,5/31/2021,Rental,933964.0
5,391,970,832,5,6/9/2019,Sale,
6,851,479,913,6,7/13/2020,Sale,903208.0
7,863,4,288,7,12/12/2023,Rental,141770.0
8,310,118,524,8,2/25/2022,Rental,738200.0
9,208,645,445,9,5/10/2023,Sale,300904.0
10,922,275,149,10,7/8/2023,Rental,168352.0
11,254,982,99,11,10/4/2022,Rental,47395.0
12,801,222,281,12,2/24/2023,Rental,859680.0
13,974,534,556,13,7/8/2022,Rental,271050.0
14,162,977,182,14,10/28/2019,Rental,59082.0
15,702,396,51,15,8/27/2022,Rental,186929.0
16,362,36,357,16,1/7/2022,Sale,226926.0
17,261,518,633,17,1/10/2023,Rental,
18,339,603,13,18,4/5/2020,Sale,647939.0
19,55,515,459,19,3/4/2021,,314776.0
20,811,17,312,20,9/20/2021,Sale,595579.0
21,153,767,314,21,9/28/2021,Sale,383845.0
22,11,568,804,22,7/24/2022,,
23,839,595,125,23,7/3/2020,,
24,85,799,744,24,5/31/2020,,941795.0
25,518,945,217,25,7/26/2019,Sale,889771.0
26,50,918,520,26,12/4/2021,Rental,484836.0
27,935,324,89,27,6/3/2022,,548190.0
28,398,346,320,28,8/11/2021,,515748.0
29,579,590,756,29,10/12/2023,Sale,39361.0
30,844,949,355,30,3/1/2021,Rental,249581.0
31,803,278,508,31,2/20/2022,Sale,53848.0
32,820,567,732,32,8/3/2020,Sale,882362.0
33,290,699,290,33,11/13/2022,Sale,648909.0
34,77,591,448,34,11/16/2019,,114767.0
35,800,319,116,35,3/2/2023,Sale,544243.0
36,204,331,436,36,10/19/2023,Rental,666868.0
37,479,536,546,37,8/4/2021,Rental,874558.0
38,213,933,315,38,4/17/2020,Sale,612120.0
39,955,689,483,39,3/1/2022,,595357.0
40,497,269,46,40,3/11/2019,Rental,235388.0
41,709,336,583,41,4/19/2019,Rental,696196.0
42,359,884,593,42,10/19/2019,Sale,307673.0
43,90,825,114,43,8/10/2021,Rental,154191.0
44,987,719,731,44,11/13/2020,Sale,454918.0
45,166,793,377,45,4/26/2023,,859391.0
46,195,581,398,46,10/25/2021,Sale,691544.0
47,403,701,145,47,3/13/2023,,
48,314,156,655,48,1/7/2022,Rental,922438.0
49,349,87,713,49,2/10/2019,,395844.0
50,674,307,957,50,7/4/2022,Sale,24543.0
51,576,152,247,51,2/25/2023,Rental,421684.0
52,813,451,586,52,6/21/2022,Sale,209683.0
53,358,961,271,53,2/5/2022,Sale,993637.0
54,86,657,690,54,1/15/2019,Sale,751404.0
55,996,931,58,55,7/13/2021,,553240.0
56,97,257,418,56,5/24/2022,Rental,110581.0
57,400,38,47,57,6/6/2019,Rental,365695.0
58,927,573,477,58,6/28/2023,Rental,255264.0
59,808,832,295,59,10/27/2023,Rental,568383.0
60,749,414,23,60,7/13/2021,Sale,483967.0
61,430,957,481,61,12/9/2019,Sale,830073.0
62,915,83,667,62,8/24/2019,Rental,682312.0
63,75,778,330,63,5/8/2020,Rental,584316.0
64,513,743,962,64,12/18/2021,Rental,26141.0
65,424,49,939,65,6/2/2021,Sale,722849.0
66,859,450,729,66,9/6/2020,Sale,874666.0
67,491,608,746,67,8/25/2023,Sale,517605.0
68,548,304,603,68,10/29/2019,Sale,631073.0
69,375,31,835,69,3/25/2021,Rental,389307.0
70,760,692,526,70,3/1/2021,,540901.0
71,994,556,968,71,1/13/2020,Sale,387417.0
72,224,560,933,72,2/12/2023,Sale,197153.0
73,240,623,421,73,1/4/2022,Rental,901799.0
74,672,670,515,74,8/1/2021,Sale,810230.0
75,741,33,864,75,6/30/2019,Rental,127671.0
76,666,409,767,76,11/15/2020,Sale,309431.0
77,968,862,889,77,12/23/2022,Sale,734275.0
78,869,282,124,78,11/19/2022,Rental,901299.0
79,152,702,648,79,5/16/2022,Rental,74098.0
80,83,919,519,80,12/6/2023,Sale,728959.0
81,727,841,6,81,1/20/2019,Sale,
82,28,974,571,82,7/29/2023,Sale,369776.0
83,510,112,986,83,12/18/2021,Rental,357692.0
84,633,557,952,84,6/20/2021,Rental,272099.0
85,903,99,816,85,1/9/2020,Rental,954256.0
86,139,550,349,86,12/17/2020,Sale,73088.0
87,695,973,61,87,10/11/2019,Sale,725207.0
88,750,926,109,88,6/27/2019,Rental,673517.0
89,114,306,557,89,5/31/2020,Sale,971314.0
90,964,868,575,90,2/19/2020,Sale,677291.0
91,549,267,403,91,8/3/2019,Sale,988492.0
92,926,177,159,92,11/28/2019,Sale,314310.0
93,364,41,567,93,3/29/2019,Sale,872689.0
94,535,609,449,94,7/29/2019,Rental,335441.0
95,977,922,183,95,8/22/2021,Rental,669878.0
96,925,908,422,96,7/18/2022,Sale,737508.0
97,486,524,135,97,6/5/2022,Rental,262833.0
98,443,258,836,98,7/7/2021,Rental,894004.0
99,320,769,493,99,2/23/2023,Sale,885559.0
100,704,400,313,100,8/11/2021,,346606.0
101,483,614,635,101,8/30/2019,Rental,58937.0
102,92,587,378,102,6/18/2020,Sale,574771.0
103,794,71,692,103,6/28/2019,Sale,794018.0
104,632,193,755,104,9/17/2022,Rental,
105,972,612,389,105,8/29/2019,Sale,852726.0
106,49,679,854,106,8/27/2022,Rental,690136.0
107,825,766,802,107,7/20/2019,Rental,750716.0
108,993,879,760,108,5/5/2022,Sale,849862.0
109,159,671,248,109,7/22/2020,Sale,789016.0
110,533,946,56,110,5/5/2023,Sale,453230.0
111,756,1000,884,111,8/27/2022,Sale,517512.0
112,277,265,914,112,10/5/2019,,915257.0
113,423,204,989,113,8/20/2021,Sale,380761.0
114,270,467,334,114,4/8/2021,Sale,467636.0
115,711,963,528,115,6/14/2021,Sale,967534.0
116,371,390,612,116,4/8/2021,,755442.0
117,285,677,395,117,1/30/2023,Rental,744242.0
118,161,490,166,118,7/14/2020,Rental,636393.0
119,52,548,796,119,6/7/2023,Rental,479249.0
120,846,528,495,120,3/22/2023,Sale,571014.0
121,163,294,64,121,11/9/2019,Sale,814513.0
122,435,828,954,122,3/17/2022,Rental,27269.0
123,504,370,133,123,1/28/2019,Sale,
124,502,446,191,124,7/9/2022,Sale,987132.0
125,984,499,470,125,9/28/2022,Sale,
126,660,678,17,126,11/28/2019,Sale,363918.0
127,353,780,838,127,6/11/2021,Rental,161675.0
128,630,210,102,128,1/8/2023,Sale,423656.0
129,119,626,79,129,12/4/2021,Sale,863636.0
130,884,89,751,130,3/30/2020,Sale,461651.0
131,459,663,867,131,4/3/2023,Rental,185879.0
132,488,175,990,132,5/30/2021,,831552.0
133,569,644,234,133,1/11/2019,Rental,860361.0
134,167,249,916,134,7/21/2022,Sale,113755.0
135,595,151,984,135,5/11/2019,Sale,773402.0
136,292,171,919,136,3/21/2023,Sale,610342.0
137,209,464,53,137,6/26/2019,Rental,728186.0
138,279,48,610,138,9/29/2021,Sale,966007.0
139,450,773,871,139,5/18/2019,Sale,
140,481,939,502,140,1/21/2019,Rental,564947.0
141,965,737,997,141,1/7/2019,Rental,542886.0
142,731,891,727,142,4/20/2020,Rental,405871.0
143,88,757,127,143,3/19/2023,,905134.0
144,238,123,963,144,3/24/2020,Rental,
145,765,391,888,145,6/18/2020,Rental,648935.0
146,27,927,362,146,7/3/2022,Sale,578419.0
147,15,622,160,147,6/17/2020,Sale,183963.0
148,620,605,602,148,4/21/2023,Sale,937939.0
149,715,930,882,149,12/13/2019,Rental,671510.0
150,117,991,67,150,8/30/2019,Rental,56041.0
151,624,582,878,151,5/25/2021,Rental,377626.0
152,836,653,995,152,9/7/2023,Rental,472284.0
153,933,230,264,153,11/11/2020,Sale,357086.0
154,156,611,242,154,12/4/2019,Sale,132999.0
155,444,749,841,155,8/31/2023,,270445.0
156,748,883,469,156,3/24/2019,Sale,547669.0
157,372,502,419,157,6/10/2023,Rental,827605.0
158,475,194,859,158,12/28/2023,,377629.0
159,511,943,822,159,4/8/2022,Sale,275460.0
160,593,418,123,160,6/26/2023,,896166.0
161,89,607,590,161,2/18/2019,,523599.0
162,601,172,147,162,11/13/2020,Sale,293011.0
163,981,50,819,163,12/17/2020,Sale,532155.0
164,768,833,239,164,9/24/2021,Sale,772239.0
165,971,967,140,165,1/6/2019,,404994.0
166,893,413,266,166,1/4/2020,Sale,238063.0
167,191,850,761,167,1/12/2021,Rental,775335.0
168,477,896,375,168,7/30/2023,Rental,937871.0
169,328,429,293,169,1/11/2020,Rental,497698.0
170,150,907,256,170,12/24/2023,Sale,272109.0
171,246,631,613,171,1/2/2020,Sale,715985.0
172,581,987,137,172,7/13/2023,Sale,690708.0
173,369,866,285,173,8/15/2023,Rental,883530.0
174,726,768,57,174,3/5/2020,,971835.0
175,875,185,823,175,7/26/2019,Rental,563827.0
176,661,410,942,176,8/14/2020,Rental,740298.0
177,809,950,430,177,1/21/2020,Sale,537016.0
178,774,514,174,178,5/19/2023,,747459.0
179,187,283,724,179,10/7/2021,Sale,682522.0
180,563,665,885,180,12/28/2022,Sale,765142.0
181,975,360,226,181,12/15/2022,Rental,68726.0
182,885,522,413,182,1/2/2020,Sale,216212.0
183,439,938,834,183,4/1/2021,Sale,
184,460,417,478,184,8/7/2019,Sale,947499.0
185,605,18,455,185,9/21/2020,Rental,577425.0
186,895,184,443,186,6/18/2020,Rental,381599.0
187,840,800,545,187,9/15/2021,Rental,877826.0
188,516,66,624,188,6/24/2019,Rental,730041.0
189,547,574,31,189,6/16/2021,Rental,790199.0
190,123,234,637,190,11/7/2020,Sale,786458.0
191,628,598,861,191,5/3/2020,Sale,949950.0
192,907,650,425,192,6/7/2021,,81833.0
193,212,559,383,193,3/29/2022,Rental,444909.0
194,323,682,219,194,9/18/2021,Sale,222607.0
195,68,218,201,195,3/26/2020,Sale,649022.0
196,340,845,7,196,9/19/2023,Rental,372298.0
197,492,754,657,197,10/24/2021,,704963.0
198,441,921,766,198,10/7/2021,Sale,952521.0
199,47,872,910,199,12/7/2019,,659178.0
200,343,384,274,200,2/20/2020,Sale,115892.0
201,680,246,656,201,5/7/2022,Sale,
202,781,712,641,202,4/4/2021,Rental,493300.0
203,436,979,664,203,8/13/2019,Sale,122223.0
204,382,738,879,204,9/26/2021,Sale,869419.0
205,738,791,241,205,10/30/2023,Rental,475812.0
206,476,438,649,206,2/11/2021,Sale,995084.0
207,617,953,750,207,11/28/2019,,980864.0
208,225,358,709,208,6/4/2020,,431373.0
209,298,674,45,209,4/9/2019,Rental,
210,960,314,531,210,7/20/2023,Sale,34682.0
211,860,233,431,211,8/20/2022,Sale,698762.0
212,18,12,20,212,3/22/2023,Sale,815638.0
213,276,531,579,213,8/28/2019,Sale,182280.0
214,867,925,662,214,7/11/2023,Rental,905306.0
215,422,137,946,215,4/21/2021,Sale,905192.0
216,589,139,259,216,5/16/2023,Sale,996571.0
217,299,289,214,217,9/4/2020,Sale,686187.0
218,54,804,694,218,11/4/2022,Rental,
219,402,153,674,219,7/2/2020,Rental,274472.0
220,566,90,700,220,10/22/2021,Sale,
221,611,313,553,221,10/16/2019,Sale,517224.0
222,734,357,877,222,10/15/2023,Sale,
223,186,753,286,223,6/24/2020,Sale,
224,135,382,62,224,6/17/2022,Sale,106331.0
225,30,798,442,225,7/2/2023,,386133.0
226,936,272,464,226,7/27/2019,Rental,570211.0
227,676,854,683,227,1/10/2021,Sale,133001.0
228,932,984,922,228,12/7/2020,Sale,864214.0
229,377,544,161,229,8/26/2019,Rental,577866.0
230,783,486,895,230,4/25/2020,,317080.0
231,969,93,76,231,12/5/2021,Sale,30403.0
232,501,286,94,232,1/1/2023,,700928.0
233,552,32,152,233,2/16/2023,Sale,618929.0
234,4,577,175,234,3/4/2022,Sale,
235,121,639,82,235,1/11/2021,Sale,692914.0
236,406,704,158,236,2/7/2019,Sale,193448.0
237,173,805,828,237,11/28/2022,Rental,908200.0
238,172,208,626,238,11/5/2021,Sale,
239,67,260,774,239,10/14/2022,Rental,652913.0
240,920,368,943,240,2/15/2021,,606994.0
241,864,571,818,241,1/31/2023,Rental,706376.0
242,679,56,117,242,4/12/2019,Sale,519555.0
243,698,63,671,243,4/11/2022,Sale,
244,868,563,487,244,3/28/2021,Rental,216078.0
245,886,710,179,245,2/19/2022,Sale,619189.0
246,639,42,185,246,1/21/2020,,601361.0
247,777,721,599,247,12/14/2020,,316271.0
248,35,628,1,248,10/17/2020,Sale,789111.0
249,394,211,25,249,9/27/2019,Rental,357328.0
250,418,814,977,250,7/24/2020,Sale,822403.0
251,793,428,815,251,2/14/2019,Sale,704563.0
252,519,345,332,252,5/15/2021,Sale,150932.0
253,782,372,600,253,1/4/2023,Rental,130364.0
254,946,752,69,254,9/12/2023,Sale,213557.0
255,223,330,940,255,7/22/2020,Sale,35020.0
256,602,707,298,256,9/26/2023,Rental,848651.0
257,725,449,71,257,5/21/2020,Sale,336437.0
258,296,35,773,258,12/22/2021,Sale,690808.0
259,806,383,833,259,3/21/2019,,723791.0
260,524,658,350,260,2/13/2020,Sale,546422.0
261,344,990,151,261,5/5/2022,Rental,657775.0
262,506,597,797,262,5/31/2023,,919219.0
263,95,302,788,263,6/23/2022,Rental,211803.0
264,262,747,206,264,9/3/2021,Rental,291609.0
265,804,439,119,265,12/8/2021,,77977.0
266,278,540,973,266,10/16/2023,Sale,226233.0
267,505,280,38,267,4/6/2020,,395222.0
268,464,237,107,268,8/21/2022,Sale,35543.0
269,84,231,870,269,1/4/2023,Sale,970167.0
270,536,84,235,270,4/19/2019,Sale,995222.0
271,724,378,344,271,11/2/2021,Sale,542297.0
272,568,447,680,272,4/11/2020,Rental,716227.0
273,105,351,644,273,8/21/2023,Sale,740652.0
274,321,332,538,274,1/1/2022,Sale,670724.0
275,861,771,806,275,9/13/2020,Rental,
276,281,579,936,276,8/2/2023,Sale,455686.0
277,480,379,698,277,2/14/2020,Rental,355641.0
278,499,334,851,278,11/25/2022,Rental,503914.0
279,989,288,685,279,2/5/2021,Rental,843556.0
280,976,905,490,280,12/6/2019,Rental,20833.0
281,346,64,34,281,5/10/2022,Rental,997625.0
282,959,91,601,282,3/23/2022,Sale,146954.0
283,417,487,196,283,4/18/2022,Rental,567989.0
284,250,11,956,284,6/6/2021,Rental,
285,948,554,70,285,3/17/2023,Rental,
286,199,442,122,286,1/20/2022,Rental,751815.0
287,80,724,168,287,6/22/2019,Sale,
288,983,116,961,288,5/29/2020,Rental,894400.0
289,707,506,366,289,8/22/2021,,566324.0
290,226,667,522,290,3/8/2023,Sale,657435.0
291,79,14,661,291,4/26/2022,,997212.0
292,373,274,273,292,4/30/2021,Rental,117655.0
293,284,819,706,293,1/26/2020,Sale,175662.0
294,712,904,560,294,9/26/2021,,419021.0
295,904,157,660,295,10/26/2022,Rental,892694.0
296,438,686,4,296,12/1/2021,,17195.0
297,185,102,598,297,6/13/2022,Sale,691574.0
298,244,947,471,298,10/18/2020,Rental,527573.0
299,107,245,608,299,6/26/2023,Sale,667629.0
300,201,851,529,300,5/3/2021,Sale,737511.0
301,44,951,971,301,5/14/2021,Rental,287778.0
302,111,474,476,302,7/25/2023,Rental,722276.0
303,177,141,759,303,9/9/2019,Sale,303103.0
304,986,273,530,304,6/6/2019,Sale,787336.0
305,165,481,886,305,3/22/2022,Sale,335767.0
306,988,958,739,306,9/9/2022,Sale,205340.0
307,716,22,368,307,10/8/2022,,184460.0
308,713,445,517,308,4/5/2019,Sale,362815.0
309,316,604,935,309,9/14/2021,,37844.0
310,837,633,894,310,4/9/2023,Rental,456660.0
311,32,732,121,311,11/21/2022,Rental,409617.0
312,385,114,473,312,7/17/2020,Rental,479247.0
313,537,751,681,313,9/11/2021,,438078.0
314,604,126,932,314,11/10/2019,Rental,276163.0
315,289,792,865,315,10/12/2021,Sale,297305.0
316,470,403,304,316,6/22/2023,Rental,
317,940,67,360,317,9/27/2023,Sale,775092.0
318,125,6,352,318,11/26/2021,Rental,474653.0
319,556,415,535,319,6/13/2020,Sale,764338.0
320,5,610,84,320,12/25/2020,,305318.0
321,168,530,737,321,12/17/2023,Rental,325762.0
322,575,150,485,322,2/6/2022,Rental,60125.0
323,623,376,923,323,3/17/2022,Sale,580211.0
324,445,996,980,324,10/11/2023,Sale,248278.0
325,999,821,501,325,4/24/2020,Sale,91721.0
326,612,161,439,326,4/3/2022,Sale,554706.0
327,560,669,255,327,5/9/2021,Sale,
328,169,886,686,328,9/28/2022,Rental,152376.0
329,787,46,284,329,3/21/2019,Rental,355045.0
330,58,240,104,330,3/4/2023,,482440.0
331,759,103,416,331,1/20/2022,Rental,281791.0
332,720,389,380,332,6/9/2019,Rental,365747.0
333,363,892,691,333,9/16/2019,Rental,325539.0
334,404,422,92,334,8/2/2020,Rental,369775.0
335,467,472,66,335,4/6/2021,Sale,260519.0
336,696,691,784,336,4/20/2022,Rental,463623.0
337,260,899,335,337,5/13/2020,Sale,773597.0
338,675,853,251,338,7/6/2019,Rental,669815.0
339,918,659,132,339,5/30/2021,Sale,621150.0
340,374,871,533,340,2/22/2021,,243359.0
341,554,600,14,341,10/28/2023,Rental,894612.0
342,329,120,275,342,3/15/2020,Sale,984109.0
343,493,145,918,343,9/12/2020,,366363.0
344,301,750,181,344,7/26/2022,Sale,32956.0
345,572,259,904,345,1/30/2021,Sale,330020.0
346,354,532,444,346,10/27/2019,Sale,67382.0
347,565,998,54,347,10/10/2020,Sale,360007.0
348,453,317,16,348,6/13/2023,Rental,424024.0
349,20,986,24,349,3/18/2021,Sale,698610.0
350,951,956,28,350,8/18/2019,Sale,86623.0
351,57,295,199,351,4/1/2023,Sale,929217.0
352,578,373,347,352,1/23/2020,,884216.0
353,973,423,208,353,6/20/2022,Rental,658220.0
354,799,15,820,354,10/8/2023,Rental,681942.0
355,140,2,554,355,6/17/2022,Sale,586140.0
356,561,876,257,356,8/12/2020,Rental,967398.0
357,717,182,647,357,8/3/2022,Sale,47530.0
358,252,811,653,358,2/26/2019,Sale,941383.0
359,899,183,250,359,7/20/2019,Sale,297374.0
360,653,75,631,360,7/19/2021,Sale,338358.0
361,944,60,292,361,12/2/2022,Rental,867543.0
362,366,58,803,362,11/16/2021,Rental,582139.0
363,293,596,385,363,7/8/2022,Sale,761632.0
364,668,7,688,364,6/7/2019,Sale,429542.0
365,621,160,958,365,5/2/2020,,391959.0
366,307,535,486,366,12/31/2021,Rental,633580.0
367,130,173,482,367,1/15/2020,Sale,743654.0
368,25,932,310,368,5/22/2019,Rental,706539.0
369,645,430,893,369,2/26/2019,Rental,465665.0
370,247,95,551,370,3/17/2019,Rental,862857.0
371,640,840,112,371,12/10/2023,Sale,425315.0
372,221,264,434,372,3/9/2023,,848029.0
373,664,823,423,373,1/26/2020,,607660.0
374,207,493,768,374,11/8/2021,Sale,665977.0
375,596,863,303,375,1/30/2020,Sale,362396.0
376,663,98,547,376,1/31/2020,Rental,911073.0
377,688,983,735,377,12/28/2023,Rental,858926.0
378,494,341,976,378,2/8/2019,Rental,917434.0
379,954,764,679,379,4/11/2023,Rental,804581.0
380,577,367,73,380,9/25/2023,Sale,805930.0
381,231,959,843,381,1/19/2023,Sale,895506.0
382,203,912,381,382,1/15/2023,Rental,578589.0
383,546,473,260,383,4/28/2022,Rental,496586.0
384,967,491,317,384,4/5/2022,Rental,887986.0
385,205,694,659,385,8/24/2020,,
386,912,492,424,386,10/28/2022,Sale,292035.0
387,178,76,970,387,12/17/2023,Sale,200882.0
388,248,353,27,388,2/1/2023,,689428.0
389,109,61,549,389,4/5/2020,Sale,687717.0
390,456,776,652,390,2/17/2020,Sale,353813.0
391,598,420,990,391,5/27/2019,Rental,793616.0
392,898,461,177,392,4/28/2019,Sale,674654.0
393,956,615,57,393,1/21/2022,Sale,189901.0
394,667,405,880,394,12/24/2020,Sale,679629.0
395,332,364,236,395,7/27/2022,Sale,257128.0
396,370,421,587,396,5/8/2023,Rental,793633.0
397,701,948,501,397,9/10/2022,Sale,499677.0
398,784,837,248,398,1/15/2022,Rental,
399,465,728,833,399,1/15/2023,,945363.0
400,142,807,922,400,9/13/2021,,258971.0
401,684,722,334,401,1/10/2021,Rental,141036.0
402,591,876,60,402,3/11/2020,Sale,815106.0
403,885,677,489,403,12/4/2023,Sale,108208.0
404,392,418,9,404,2/9/2020,Sale,302783.0
405,901,392,222,405,6/4/2022,Rental,216196.0
406,380,108,420,406,9/14/2019,Sale,974221.0
407,967,674,906,407,8/30/2023,Rental,475580.0
408,326,90,682,408,12/22/2023,Rental,605191.0
409,581,268,367,409,12/18/2021,Sale,101880.0
410,843,242,353,410,10/28/2022,Sale,991518.0
411,370,38,73,411,10/20/2022,Sale,691131.0
412,18,715,595,412,11/30/2019,Rental,253897.0
413,231,627,524,413,7/20/2021,Rental,834499.0
414,899,367,872,414,2/7/2023,Rental,347752.0
415,160,781,164,415,4/27/2022,Rental,108331.0
416,80,310,1,416,11/18/2021,Rental,581414.0
417,399,195,425,417,8/31/2023,Rental,188994.0
418,807,519,237,418,12/18/2022,Sale,
419,650,644,13,419,7/22/2021,Rental,248781.0
420,825,373,140,420,6/15/2019,Rental,28280.0
421,493,942,703,421,4/4/2020,Rental,38915.0
422,699,109,209,422,11/5/2020,Sale,908379.0
423,377,765,873,423,11/9/2022,Rental,805575.0
424,661,318,156,424,6/8/2020,Sale,116171.0
425,789,214,186,425,10/25/2020,Sale,597445.0
426,189,530,852,426,8/12/2019,Rental,285134.0
427,884,187,456,427,4/17/2019,Sale,956441.0
428,258,477,688,428,8/17/2022,Sale,
429,547,542,103,429,12/27/2020,Rental,227687.0
430,515,938,77,430,10/28/2023,Sale,756350.0
431,498,294,549,431,3/20/2019,Sale,476205.0
432,608,712,642,432,3/22/2019,Sale,265461.0
433,11,520,399,433,4/22/2022,Rental,
434,632,306,861,434,6/6/2021,Rental,510797.0
435,421,676,387,435,5/27/2020,Rental,840935.0
436,323,191,817,436,7/25/2023,Sale,793151.0
437,375,927,909,437,6/7/2021,Sale,482013.0
438,299,963,910,438,3/22/2020,Rental,657957.0
439,6,843,43,439,1/29/2019,,966562.0
440,778,313,897,440,10/2/2022,Rental,
441,374,303,521,441,5/27/2022,Rental,302190.0
442,473,361,331,442,12/24/2022,Rental,970687.0
443,919,379,193,443,9/5/2020,Rental,
444,433,75,451,444,1/29/2021,Sale,301707.0
445,164,175,88,445,1/20/2021,Rental,200690.0
446,431,170,400,446,5/11/2021,Rental,562054.0
447,675,281,911,447,9/18/2023,,166618.0
448,394,366,48,448,5/2/2022,,636352.0
449,966,946,590,449,3/27/2022,Rental,201708.0
450,357,782,37,450,9/25/2019,Sale,937712.0
451,873,223,298,451,11/11/2021,Rental,201175.0
452,556,603,314,452,2/19/2020,Rental,837238.0
453,513,411,645,453,7/1/2022,Rental,423867.0
454,932,728,490,454,12/19/2023,Rental,93802.0
455,129,682,958,455,5/16/2019,Sale,736868.0
456,933,698,19,456,7/31/2023,,770826.0
457,37,374,470,457,2/15/2022,Sale,313725.0
458,215,871,455,458,9/11/2023,,630895.0
459,72,943,188,459,3/6/2019,Sale,137837.0
460,305,522,874,460,1/15/2019,,302991.0
461,893,309,518,461,1/12/2022,Sale,988488.0
462,770,986,803,462,7/6/2022,Sale,787649.0
463,198,237,260,463,11/11/2020,,179874.0
464,55,156,27,464,4/29/2022,Rental,954117.0
465,9,730,446,465,2/19/2023,Rental,900760.0
466,560,316,362,466,7/1/2020,Sale,453302.0
467,682,981,189,467,1/31/2023,Rental,718052.0
468,881,641,760,468,11/25/2022,Sale,229975.0
469,200,621,797,469,8/18/2021,Rental,848663.0
470,113,656,205,470,8/13/2021,Rental,127154.0
471,83,102,240,471,7/24/2022,Sale,171894.0
472,293,695,824,472,6/29/2022,,200899.0
473,922,914,597,473,9/26/2023,Rental,681186.0
474,480,210,11,474,6/26/2020,Sale,746208.0
475,367,754,3,475,7/25/2020,Rental,347111.0
476,365,120,589,476,5/4/2022,Sale,859033.0
477,860,830,207,477,9/28/2019,,911236.0
478,553,36,133,478,12/11/2021,Sale,41461.0
479,142,776,930,479,10/12/2022,Rental,
480,266,899,568,480,11/22/2023,Sale,213486.0
481,760,921,83,481,10/28/2022,,72449.0
482,775,916,405,482,6/16/2021,Sale,308240.0
483,525,382,277,483,8/15/2023,,772500.0
484,167,31,726,484,1/10/2020,Sale,542883.0
485,637,541,493,485,1/15/2019,,851028.0
486,719,478,683,486,5/23/2022,Rental,784100.0
487,122,416,925,487,7/27/2021,Sale,492352.0
488,85,550,51,488,10/28/2022,Sale,785762.0
489,976,435,751,489,10/28/2021,Sale,139007.0
490,143,918,503,490,8/2/2020,Sale,534413.0
491,596,81,81,491,4/11/2020,Rental,
492,953,895,341,492,5/31/2022,,237408.0
493,558,279,85,493,3/27/2021,Rental,
494,237,933,255,494,12/19/2021,Sale,583023.0
495,223,567,80,495,10/16/2023,,403942.0
496,776,144,814,496,4/6/2019,Sale,329383.0
497,796,161,26,497,5/14/2022,,52976.0
498,98,497,977,498,12/3/2021,,302800.0
499,604,967,416,499,7/29/2019,,302437.0
500,783,894,989,500,4/26/2020,Sale,349812.0
501,229,101,783,501,12/21/2021,Rental,565012.0
502,603,113,28,502,8/14/2022,Sale,291563.0
503,484,278,305,503,9/16/2021,Sale,795333.0
504,687,662,102,504,1/31/2021,Sale,360872.0
505,810,159,923,505,11/22/2019,Rental,766861.0
506,58,513,588,506,5/5/2019,Sale,
507,127,514,398,507,9/19/2019,Sale,677274.0
508,771,483,330,508,7/3/2020,,783914.0
509,914,92,616,509,4/21/2022,Sale,888321.0
510,140,258,948,510,1/31/2021,Rental,271292.0
511,944,878,382,511,3/2/2023,Rental,942687.0
512,123,923,691,512,1/15/2022,Sale,314595.0
513,991,588,839,513,6/3/2019,Rental,610724.0
514,54,626,905,514,7/2/2019,Rental,
515,920,9,610,515,1/15/2022,Sale,
516,986,121,854,516,12/11/2022,Rental,352154.0
517,988,815,84,517,9/3/2019,Rental,193258.0
518,351,131,342,518,6/23/2023,Rental,659517.0
519,350,428,622,519,5/5/2022,Sale,936517.0
520,704,885,560,520,9/25/2021,Rental,
521,180,135,818,521,1/19/2023,Sale,675081.0
522,864,446,828,522,12/31/2021,Sale,
523,436,241,332,523,2/7/2020,Sale,
524,981,355,373,524,2/9/2020,Rental,742945.0
525,529,409,122,525,1/28/2021,Rental,887380.0
526,49,312,955,526,5/7/2023,Sale,665312.0
527,26,211,378,527,11/10/2023,Sale,238457.0
528,393,153,774,528,12/30/2019,Sale,618042.0
529,12,26,650,529,5/19/2021,Rental,761255.0
530,474,957,273,530,3/13/2023,Rental,492818.0
531,816,729,785,531,8/28/2019,Sale,826377.0
532,291,512,281,532,5/8/2019,Rental,300908.0
533,521,780,176,533,2/8/2021,,141184.0
534,934,912,843,534,2/20/2022,Sale,300721.0
535,788,529,677,535,2/13/2020,Sale,613860.0
536,17,802,998,536,7/25/2019,Rental,43507.0
537,982,360,166,537,7/10/2023,Sale,879457.0
538,239,954,447,538,8/31/2021,Rental,546643.0
539,434,290,173,539,5/16/2022,Sale,677359.0
540,128,178,407,540,11/27/2019,Rental,898919.0
541,15,504,308,541,7/6/2023,,710178.0
542,649,73,284,542,10/27/2023,Rental,989511.0
543,748,295,961,543,10/29/2022,Rental,154359.0
544,854,803,671,544,12/7/2021,Sale,796238.0
545,300,99,762,545,4/5/2022,Rental,45544.0
546,175,253,389,546,10/27/2020,Sale,593113.0
547,578,525,807,547,5/1/2020,Sale,918660.0
548,646,499,187,548,12/9/2021,Sale,771716.0
549,102,420,520,549,3/24/2021,Rental,644729.0
550,658,749,864,550,1/26/2019,Rental,980860.0
551,1,107,834,551,7/17/2022,Rental,670743.0
552,298,399,769,552,5/27/2020,Sale,645235.0
553,968,163,482,553,4/17/2021,Sale,625507.0
554,582,129,652,554,3/30/2023,Sale,783038.0
555,132,707,743,555,9/26/2022,Rental,383021.0
556,831,572,858,556,10/2/2021,Rental,115364.0
557,338,340,244,557,9/6/2019,Rental,625046.0
558,611,850,379,558,1/16/2019,Sale,879896.0
559,720,733,463,559,12/18/2022,Rental,459602.0
560,419,913,374,560,2/17/2020,Sale,428781.0
561,475,470,680,561,5/21/2020,Sale,741383.0
562,794,934,866,562,8/14/2023,Sale,162945.0
563,633,194,472,563,1/24/2020,Sale,489321.0
564,518,68,810,564,9/20/2022,,949849.0
565,96,78,21,565,6/29/2019,Sale,168459.0
566,444,721,479,566,8/25/2023,Sale,845204.0
567,695,493,739,567,11/8/2022,Sale,577295.0
568,837,19,723,568,2/13/2020,,907459.0
569,842,634,718,569,11/30/2021,Sale,51483.0
570,420,471,944,570,11/27/2019,,249161.0
571,941,202,121,571,5/31/2020,Sale,292060.0
572,91,956,206,572,11/6/2020,Rental,612379.0
573,533,174,830,573,2/25/2022,Sale,90575.0
574,84,43,275,574,11/26/2021,Sale,727105.0
575,945,197,434,575,1/18/2023,Sale,701229.0
576,978,975,570,576,4/4/2019,Sale,413842.0
577,839,777,32,577,4/8/2021,Rental,
578,602,998,959,578,5/27/2020,Sale,547198.0
579,220,896,146,579,10/29/2021,Sale,809235.0
580,722,654,662,580,6/24/2022,,38023.0
581,574,335,333,581,2/18/2021,Sale,220533.0
582,488,403,401,582,3/13/2019,Rental,187029.0
583,887,216,184,583,5/5/2021,Sale,20497.0
584,287,327,328,584,11/5/2020,Sale,154732.0
585,330,359,555,585,3/1/2020,Rental,180583.0
586,234,138,453,586,10/7/2023,Sale,708934.0
587,170,711,87,587,10/16/2023,Rental,29542.0
588,460,661,699,588,4/29/2019,Rental,258104.0
589,438,272,821,589,3/13/2023,Sale,392873.0
590,550,80,798,590,4/15/2020,Rental,980158.0
591,526,266,246,591,4/13/2021,,775964.0
592,500,569,413,592,7/9/2023,Rental,738795.0
593,638,971,719,593,9/11/2020,Rental,876737.0
594,416,15,942,594,11/6/2022,Rental,281950.0
595,324,968,943,595,6/28/2021,,
596,894,746,340,596,11/22/2022,Sale,190107.0
597,808,929,773,597,7/28/2023,Sale,321969.0
598,68,13,304,598,11/20/2023,Sale,289539.0
599,716,618,508,599,7/31/2022,Sale,849519.0
600,499,714,695,600,1/7/2020,Sale,778981.0
601,428,774,131,601,5/10/2021,Rental,908188.0
602,222,270,361,602,12/8/2022,Sale,446740.0
603,50,813,722,603,7/22/2019,Rental,178262.0
604,697,798,300,604,11/30/2020,Sale,428691.0
605,747,390,899,605,4/6/2023,Rental,934874.0
606,506,238,847,606,10/27/2022,Rental,678605.0
607,712,51,539,607,1/5/2023,Rental,471829.0
608,527,98,855,608,11/16/2021,Sale,
609,677,201,567,609,3/18/2019,Rental,735672.0
610,390,94,404,610,3/19/2023,Rental,770676.0
611,490,706,850,611,4/5/2019,Sale,113980.0
612,886,788,724,612,7/27/2019,Rental,930771.0
613,835,320,538,613,12/3/2021,Sale,628468.0
614,821,952,996,614,2/18/2020,Rental,732102.0
615,866,846,917,615,10/8/2022,Rental,869633.0
616,152,807,668,616,1/12/2019,,595639.0
617,65,526,573,617,11/26/2020,Sale,603868.0
618,77,434,310,618,8/19/2020,,896368.0
619,784,146,676,619,10/25/2021,Rental,178073.0
620,38,358,137,620,5/9/2019,Sale,209077.0
621,134,992,18,621,6/9/2022,Rental,197155.0
622,250,76,421,622,11/8/2019,Rental,883274.0
623,681,598,717,623,1/20/2022,Rental,979209.0
624,30,945,100,624,11/22/2023,Rental,673090.0
625,568,702,678,625,4/8/2023,Rental,740447.0
626,692,554,289,626,6/12/2023,Rental,752190.0
627,742,453,8,627,9/6/2022,Rental,438284.0
628,543,6,230,628,4/9/2022,Sale,704662.0
629,75,93,550,629,12/16/2022,Sale,712145.0
630,733,961,134,630,10/11/2019,,396611.0
631,387,451,201,631,12/26/2020,Sale,247795.0
632,404,518,234,632,3/6/2021,Sale,434843.0
633,455,770,601,633,7/20/2023,Sale,45838.0
634,946,664,561,634,2/23/2022,Sale,196667.0
635,798,353,634,635,11/29/2022,Sale,753091.0
636,918,528,251,636,6/17/2021,Sale,350767.0
637,255,344,869,637,10/15/2019,Rental,968863.0
638,466,829,681,638,5/17/2023,Sale,167083.0
639,622,726,22,639,1/12/2021,,252409.0
640,509,581,150,640,7/18/2023,Sale,428436.0
641,869,718,964,641,5/16/2022,Rental,670595.0
642,636,291,476,642,11/10/2023,Rental,287992.0
643,103,667,124,643,10/12/2021,,513970.0
644,361,213,228,644,12/19/2019,Rental,412846.0
645,948,480,924,645,3/23/2023,Rental,249725.0
646,301,708,190,646,1/27/2022,Rental,942432.0
647,651,233,96,647,1/18/2021,Rental,865323.0
648,730,906,831,648,12/6/2020,Rental,345035.0
649,583,45,938,649,6/8/2023,,822248.0
650,411,589,755,650,9/15/2020,Rental,941863.0
651,95,507,7,651,4/13/2023,Sale,141453.0
652,577,987,315,652,2/26/2019,Rental,857482.0
653,930,821,846,653,4/22/2019,,
654,600,240,993,654,11/7/2022,Sale,423378.0
655,623,425,89,655,2/21/2022,,454621.0
656,936,299,138,656,12/5/2019,,446639.0
657,437,172,323,657,3/3/2021,Sale,944686.0
658,182,501,790,658,8/17/2021,,902263.0
659,235,314,887,659,1/3/2021,Sale,389055.0
660,917,523,414,660,5/7/2019,Sale,301291.0
661,334,839,667,661,6/9/2019,Sale,276439.0
662,737,884,439,662,2/27/2023,Rental,
663,31,324,4,663,8/8/2019,Rental,479734.0
664,276,563,141,664,1/6/2023,Sale,207376.0
665,308,699,346,665,2/17/2022,,772713.0
666,21,412,217,666,2/25/2022,Rental,954959.0
667,22,65,649,667,1/8/2019,Sale,723029.0
668,491,561,91,668,2/18/2020,Sale,510852.0
669,178,696,787,669,6/26/2020,Sale,387668.0
670,809,56,862,670,9/25/2021,Sale,342141.0
671,280,851,647,671,7/18/2023,Sale,524053.0
672,343,269,20,672,9/20/2021,Rental,565259.0
673,311,319,58,673,12/25/2019,Sale,
674,274,855,600,674,5/6/2021,,422758.0
675,702,685,994,675,10/31/2021,Sale,870698.0
676,781,215,768,676,7/2/2023,Sale,
677,205,20,974,677,8/14/2023,Sale,947840.0
678,557,479,692,678,8/29/2022,Rental,513151.0
679,339,417,354,679,10/2/2023,Sale,547747.0
680,495,442,118,680,4/18/2023,,802529.0
681,226,791,603,681,8/21/2021,Sale,518101.0
682,874,993,126,682,2/15/2023,Rental,830677.0
683,412,230,761,683,8/20/2020,,439440.0
684,42,469,651,684,1/8/2019,Sale,167458.0
685,355,935,759,685,6/17/2020,Sale,929925.0
686,197,881,799,686,5/10/2023,Sale,212838.0
687,749,419,782,687,2/23/2020,Sale,909926.0
688,118,357,914,688,11/17/2020,Sale,533597.0
689,386,455,849,689,6/6/2020,Sale,669667.0
690,937,150,108,690,5/10/2022,Rental,162595.0
691,656,356,168,691,12/10/2021,Sale,454569.0
692,136,835,23,692,7/31/2019,Rental,599758.0
693,817,773,543,693,3/24/2022,Sale,687632.0
694,597,456,431,694,10/1/2022,Rental,135991.0
695,440,790,458,695,11/26/2020,Sale,709593.0
696,667,840,517,696,1/12/2023,,567567.0
697,383,481,753,697,12/17/2023,Rental,64727.0
698,785,597,181,698,2/23/2021,Rental,981061.0
699,599,937,800,699,8/25/2021,Sale,983860.0
700,478,52,987,700,1/3/2020,Rental,732741.0
701,251,55,180,701,8/8/2023,Sale,224679.0
702,313,122,749,702,8/3/2020,Rental,450990.0
703,353,331,780,703,6/13/2023,Sale,227855.0
704,107,227,879,704,12/10/2022,Rental,
705,609,458,235,705,9/13/2019,Rental,827879.0
706,875,423,125,706,3/22/2023,Sale,327042.0
707,268,363,344,707,11/17/2021,Rental,320322.0
708,382,725,953,708,8/16/2019,Sale,199414.0
709,664,61,581,709,1/24/2020,Rental,222849.0
710,669,994,621,710,3/11/2019,Sale,656655.0
711,23,436,816,711,9/24/2019,,
712,865,739,859,712,6/19/2022,Rental,340010.0
713,471,25,729,713,9/15/2023,Rental,
714,396,200,748,714,4/21/2020,Sale,449654.0
715,56,545,863,715,5/3/2023,Rental,156949.0
716,522,84,415,716,7/25/2019,,637866.0
717,100,21,484,717,8/13/2023,Rental,492391.0
718,718,734,952,718,7/13/2022,,142019.0
719,634,771,303,719,9/22/2020,Rental,
720,364,105,347,720,5/7/2022,Rental,789072.0
721,912,239,516,721,5/3/2020,Sale,898478.0
722,586,808,939,722,8/6/2023,,822365.0
723,851,490,702,723,5/1/2022,Rental,299238.0
724,400,254,158,724,10/7/2019,Sale,726732.0
725,371,12,326,725,8/30/2019,Rental,665585.0
726,516,870,767,726,1/11/2023,,19959.0
727,70,736,474,727,4/24/2022,Rental,365646.0
728,285,229,105,728,9/30/2019,Rental,28461.0
729,270,629,438,729,8/27/2023,Sale,119247.0
730,974,259,375,730,6/23/2022,Rental,406825.0
731,738,882,34,731,10/21/2022,Sale,427614.0
732,954,106,324,732,2/9/2023,Sale,890308.0
733,535,755,884,733,12/27/2020,Rental,
734,542,432,194,734,8/6/2021,Rental,805504.0
735,86,394,844,735,9/27/2020,Sale,904086.0
736,793,544,261,736,11/5/2021,Sale,192327.0
737,273,89,370,737,9/15/2019,Sale,74180.0
738,994,556,857,738,2/6/2022,,34783.0
739,811,488,776,739,3/11/2021,Rental,942694.0
740,871,743,272,740,11/18/2020,Rental,110209.0
741,900,141,38,741,1/21/2019,,790403.0
742,397,351,746,742,9/26/2020,,454230.0
743,910,5,92,743,4/21/2020,Sale,906056.0
744,115,66,511,744,8/15/2021,,142030.0
745,911,449,98,745,8/13/2020,Rental,719423.0
746,184,375,988,746,2/22/2020,Rental,750967.0
747,939,91,69,747,2/18/2019,Sale,75582.0
748,453,917,56,748,6/19/2020,Sale,407171.0
749,236,500,522,749,9/5/2023,Rental,994706.0
750,295,206,845,750,5/18/2022,Rental,448428.0
751,924,805,183,751,12/13/2022,Rental,807831.0
752,24,612,802,752,1/12/2019,Rental,471148.0
753,120,806,360,753,5/15/2020,Sale,
754,171,864,670,754,5/25/2023,Rental,108453.0
755,427,903,728,755,9/23/2022,Rental,752922.0
756,765,79,395,756,9/3/2023,Sale,809242.0
757,989,158,553,757,12/25/2023,Rental,221405.0
758,756,623,211,758,3/29/2020,Rental,904333.0
759,882,965,276,759,2/9/2022,Rental,501765.0
760,212,546,656,760,11/30/2023,Rental,574886.0
761,426,140,147,761,7/28/2021,Rental,545195.0
762,165,103,283,762,11/10/2021,Rental,628092.0
763,524,427,159,763,11/16/2020,Sale,318598.0
764,855,709,523,764,5/1/2022,Sale,736735.0
765,594,531,466,765,12/30/2021,Sale,360119.0
766,356,433,412,766,3/16/2020,Rental,415720.0
767,144,424,734,767,7/31/2019,Rental,494875.0
768,832,982,547,768,10/23/2020,Sale,126172.0
769,537,406,514,769,5/5/2022,Rental,900250.0
770,815,487,584,770,2/4/2019,Rental,519052.0
771,736,763,556,771,1/21/2021,Rental,684658.0
772,710,747,31,772,1/25/2021,Sale,536848.0
773,903,218,348,773,3/8/2021,Rental,93146.0
774,980,491,732,774,10/20/2021,,140662.0
775,708,533,596,775,5/14/2023,,620470.0
776,926,997,29,776,12/7/2023,,508057.0
777,331,67,104,777,1/20/2020,Sale,164025.0
778,879,282,562,778,12/25/2022,,831343.0
779,413,264,966,779,8/16/2023,,201352.0
780,610,231,306,780,4/2/2020,Rental,976317.0
781,417,330,178,781,10/6/2020,Rental,560029.0
782,627,873,223,782,8/21/2021,,134136.0
783,698,463,878,783,5/18/2019,Rental,30527.0
784,588,112,635,784,12/29/2019,,383555.0
785,579,969,182,785,10/7/2019,Sale,750587.0
786,147,941,387,786,11/18/2021,Sale,111736.0
787,823,176,765,787,3/12/2021,Sale,312198.0
788,293,527,138,788,8/28/2019,Sale,606834.0
789,454,442,111,789,1/10/2022,Sale,199163.0
790,739,517,160,790,12/23/2023,Rental,
791,667,990,97,791,9/26/2021,Rental,772870.0
792,821,573,928,792,5/31/2020,,27234.0
793,459,195,102,793,12/14/2022,Sale,806688.0
794,266,142,769,794,3/11/2021,Rental,595009.0
795,268,898,980,795,7/19/2020,,55678.0
796,723,56,721,796,10/15/2022,Sale,418840.0
797,618,211,80,797,8/6/2019,Sale,
798,606,552,648,798,6/8/2021,Sale,897412.0
799,499,943,441,799,6/29/2019,Rental,133362.0
800,975,585,13,800,9/2/2021,,374065.0
801,651,870,533,801,1/2/2023,Rental,615978.0
802,422,804,898,802,11/24/2023,Sale,103425.0
803,451,386,835,803,2/13/2020,Sale,954878.0
804,622,5,809,804,7/20/2019,Sale,655721.0
805,349,135,155,805,7/10/2021,Rental,847270.0
806,320,82,215,806,10/6/2022,Sale,
807,952,854,426,807,10/31/2022,Sale,608383.0
808,661,474,670,808,10/1/2020,,149738.0
809,834,213,780,809,1/12/2020,Rental,537300.0
810,15,603,884,810,11/1/2021,Sale,988028.0
811,722,85,345,811,5/7/2022,Rental,544058.0
812,936,977,652,812,1/10/2019,Rental,614371.0
813,916,220,91,813,7/12/2022,Rental,711023.0
814,615,330,286,814,12/23/2020,Sale,149729.0
815,823,600,661,815,11/14/2021,Rental,59501.0
816,903,740,885,816,12/25/2022,,512240.0
817,452,722,150,817,5/10/2021,Sale,55199.0
818,620,832,230,818,1/10/2023,Sale,819575.0
819,66,179,879,819,9/28/2021,Rental,81841.0
820,33,123,265,820,6/26/2023,Rental,899985.0
821,401,365,536,821,6/2/2020,Rental,785979.0
822,105,932,370,822,7/6/2021,Rental,296751.0
823,949,305,355,823,6/29/2022,,569325.0
824,318,295,582,824,1/10/2021,Rental,580597.0
825,971,219,843,825,7/12/2022,Rental,286513.0
826,174,971,805,826,7/26/2021,,344858.0
827,375,315,722,827,5/14/2020,Sale,471773.0
828,956,64,907,828,7/16/2020,Rental,451994.0
829,757,759,794,829,8/9/2020,Rental,627066.0
830,409,298,847,830,4/4/2021,Rental,915785.0
831,552,271,35,831,2/16/2020,Sale,328962.0
832,147,998,28,832,6/21/2020,Sale,395495.0
833,195,241,469,833,9/30/2023,Rental,102799.0
834,122,522,287,834,1/3/2019,Sale,635703.0
835,598,138,52,835,2/18/2021,Sale,393357.0
836,370,31,465,836,1/28/2023,Sale,122986.0
837,430,790,522,837,6/24/2022,Sale,526163.0
838,568,133,146,838,1/9/2023,Rental,447393.0
839,206,54,422,839,6/3/2021,Rental,226459.0
840,134,50,920,840,3/27/2021,Rental,895844.0
841,870,319,645,841,6/30/2021,Sale,131018.0
842,346,127,637,842,12/23/2021,Rental,503138.0
843,396,310,606,843,3/25/2019,Rental,349101.0
844,304,128,277,844,5/8/2022,Rental,
845,941,646,381,845,4/4/2023,Rental,866173.0
846,868,855,535,846,11/2/2021,Rental,347885.0
847,708,399,887,847,10/29/2023,,366354.0
848,402,824,728,848,4/20/2023,Rental,232530.0
849,948,108,438,849,6/17/2020,Rental,259865.0
850,918,859,247,850,12/21/2022,Rental,914681.0
851,824,681,17,851,1/24/2019,Sale,950664.0
852,118,583,930,852,11/12/2022,Sale,795396.0
853,271,506,701,853,12/23/2021,Rental,18522.0
854,812,121,660,854,6/7/2020,Sale,548415.0
855,316,504,204,855,2/4/2021,Sale,653504.0
856,21,436,361,856,3/21/2022,Rental,840076.0
857,977,808,220,857,10/14/2023,Rental,408808.0
858,574,9,227,858,3/11/2021,Sale,747675.0
859,383,455,700,859,8/27/2021,Sale,256935.0
860,322,423,47,860,12/25/2022,Sale,374594.0
861,603,307,109,861,1/6/2022,Sale,54306.0
862,800,934,419,862,1/17/2019,Rental,550363.0
863,550,520,164,863,9/16/2022,Sale,260126.0
864,922,536,202,864,11/17/2022,Sale,552010.0
865,159,880,495,865,8/3/2021,Sale,626722.0
866,827,485,725,866,9/29/2020,Rental,201559.0
867,665,131,991,867,6/20/2022,Rental,139597.0
868,937,871,317,868,7/16/2023,Rental,697748.0
869,694,510,824,869,11/27/2021,Sale,247499.0
870,231,16,133,870,5/5/2021,,786840.0
871,398,39,653,871,8/19/2021,,317578.0
872,997,187,918,872,2/16/2021,Rental,865956.0
873,419,882,583,873,9/19/2019,Sale,855453.0
874,291,264,709,874,1/24/2023,Rental,768196.0
875,725,817,329,875,4/17/2023,,631452.0
876,273,335,379,876,8/5/2022,,819293.0
877,660,246,19,877,1/4/2019,Rental,
878,141,242,534,878,12/22/2022,Sale,856575.0
879,852,614,207,879,4/2/2023,Sale,647250.0
880,494,66,11,880,8/10/2019,,532259.0
881,710,170,971,881,9/5/2022,Rental,261354.0
882,751,132,629,882,7/20/2021,Rental,438078.0
883,360,354,49,883,3/29/2022,,622827.0
884,681,119,389,884,10/11/2021,Rental,630101.0
885,765,512,141,885,10/23/2020,Sale,987562.0
886,75,638,877,886,6/7/2019,Sale,363594.0
887,591,76,654,887,9/4/2021,Sale,584466.0
888,811,989,638,888,12/5/2021,Sale,789450.0
889,784,75,564,889,10/15/2020,Rental,847050.0
890,341,647,798,890,5/30/2020,Rental,255366.0
891,511,818,165,891,9/25/2023,Sale,463636.0
892,193,207,456,892,12/2/2023,Sale,562190.0
893,192,694,487,893,5/4/2019,Rental,509750.0
894,614,826,783,894,12/6/2021,Rental,725919.0
895,998,454,858,895,1/28/2019,,974447.0
896,776,49,549,896,5/1/2022,Rental,951175.0
897,279,572,698,897,11/3/2023,,457466.0
898,960,161,489,898,10/9/2021,,54456.0
899,838,751,952,899,6/2/2021,Sale,116279.0
900,211,8,313,900,9/13/2021,Sale,905193.0
901,462,884,796,901,7/4/2020,Rental,156740.0
902,277,523,115,902,9/19/2022,Rental,129948.0
903,153,439,589,903,3/30/2022,Sale,269817.0
904,348,584,292,904,1/1/2021,Sale,715526.0
905,955,174,925,905,1/26/2020,Rental,319538.0
906,183,969,192,906,1/2/2019,Rental,
907,581,26,970,907,3/28/2021,Sale,912978.0
908,469,482,723,908,5/22/2023,Rental,639628.0
909,967,7,531,909,8/21/2020,Sale,596890.0
910,308,311,537,910,12/3/2021,Sale,698503.0
911,515,164,34,911,11/15/2019,Rental,80219.0
912,740,806,125,912,12/29/2021,Sale,588356.0
913,420,935,939,913,8/30/2022,Sale,62174.0
914,976,183,742,914,5/7/2023,Sale,761972.0
915,855,982,74,915,8/28/2019,Sale,636421.0
916,647,58,859,916,3/31/2021,Rental,43917.0
917,696,629,93,917,8/1/2020,Rental,419253.0
918,713,762,70,918,9/22/2022,Rental,963905.0
919,728,829,365,919,8/29/2022,Rental,664114.0
920,106,757,357,920,9/16/2020,Rental,118014.0
921,249,495,919,921,12/25/2019,Rental,241845.0
922,766,152,145,922,2/9/2022,Sale,839266.0
923,431,351,944,923,7/11/2020,,647207.0
924,123,162,968,924,11/24/2019,Rental,390370.0
925,534,4,761,925,11/12/2020,Sale,330547.0
926,613,578,20,926,9/5/2019,Sale,252020.0
927,877,791,863,927,2/2/2022,,887284.0
928,461,550,665,928,3/2/2020,Sale,886121.0
929,854,415,249,929,9/14/2019,Rental,884938.0
930,181,611,46,930,12/4/2023,Rental,586697.0
931,734,805,95,931,2/20/2021,Rental,747481.0
932,785,619,733,932,6/16/2023,Rental,222662.0
933,242,24,750,933,9/26/2021,Sale,942560.0
934,668,382,699,934,10/17/2022,Rental,968045.0
935,836,765,556,935,6/20/2020,Rental,915669.0
936,202,691,789,936,6/28/2020,Rental,976243.0
937,450,293,870,937,12/26/2019,,343465.0
938,124,488,300,938,4/22/2019,Rental,974967.0
939,138,673,680,939,7/5/2020,Rental,766708.0
940,910,425,231,940,6/25/2022,,202203.0
941,307,745,36,941,9/12/2020,Rental,314906.0
942,791,890,614,942,3/14/2021,Sale,
943,178,384,945,943,4/8/2020,,803855.0
944,387,314,802,944,1/7/2020,Rental,441781.0
945,912,671,760,945,2/21/2021,Sale,409122.0
946,593,209,83,946,10/31/2023,Sale,233699.0
947,876,519,175,947,2/17/2023,Rental,351979.0
948,504,378,347,948,2/25/2023,Sale,686872.0
949,787,633,707,949,4/30/2021,Rental,508243.0
950,702,375,339,950,6/12/2019,Sale,289966.0
951,149,997,705,951,3/11/2022,Sale,735083.0
952,128,359,4,952,2/29/2020,Rental,604107.0
953,321,631,136,953,12/2/2019,Rental,517359.0
954,456,189,672,954,3/17/2023,,877351.0
955,88,400,521,955,1/7/2023,Sale,625653.0
956,300,730,308,956,11/2/2020,Sale,89946.0
957,350,868,497,957,7/29/2022,Sale,
958,808,770,633,958,7/25/2021,Sale,451011.0
959,810,410,447,959,8/16/2022,Sale,707579.0
960,426,988,318,960,10/6/2019,Sale,119961.0
961,5,353,257,961,4/19/2021,,515367.0
962,670,856,439,962,8/2/2023,,185065.0
963,840,388,25,963,2/14/2023,Sale,552705.0
964,654,779,184,964,7/24/2021,Rental,707797.0
965,220,901,960,965,8/27/2022,Sale,70658.0
966,365,224,3,966,10/23/2019,Rental,771604.0
967,455,301,935,967,3/13/2021,Rental,737229.0
968,188,201,120,968,12/12/2022,Rental,951375.0
969,893,687,953,969,7/15/2021,Sale,25899.0
970,240,391,545,970,6/9/2023,,905337.0
971,522,663,905,971,5/10/2021,Rental,935161.0
972,372,639,75,972,4/25/2022,Rental,618510.0
973,177,557,501,973,7/9/2023,Rental,
974,45,731,820,974,1/20/2021,Sale,735082.0
975,51,641,876,975,11/8/2021,Sale,180844.0
976,203,746,474,976,6/17/2022,,453878.0
977,782,582,969,977,5/17/2023,Rental,
978,68,254,482,978,10/25/2020,,662119.0
979,537,728,984,979,10/23/2022,,393204.0
980,805,10,429,980,4/4/2020,Sale,30489.0
981,175,941,852,981,1/25/2020,Rental,612335.0
982,158,90,696,982,10/21/2022,,88005.0
983,572,263,143,983,1/13/2020,Rental,
984,659,922,566,984,10/20/2021,,242466.0
985,973,275,872,985,9/8/2022,Rental,788523.0
986,96,225,266,986,9/18/2020,Sale,556458.0
987,361,558,349,987,4/20/2022,Sale,903336.0
988,663,511,128,988,12/17/2020,Sale,589225.0
989,107,861,302,989,6/21/2020,Rental,193865.0
990,520,743,26,990,10/12/2021,Rental,942198.0
991,49,622,867,991,4/12/2022,,275430.0
992,958,659,972,992,3/10/2021,Sale,103437.0
993,326,21,116,993,7/11/2021,Rental,414128.0
994,987,565,158,994,3/20/2019,Sale,448168.0
995,562,846,943,995,6/26/2020,Rental,
996,40,377,892,996,5/13/2020,Sale,516382.0
997,384,405,604,997,9/29/2022,Sale,72463.0
998,996,601,371,998,11/11/2019,Sale,285800.0
999,898,412,647,999,4/29/2021,Sale,179453.0
1000,137,92,743,1000,10/12/2020,,312480.0
1001,1003,1195,1069,1001,3/16/2024,Rental,134283.0
1002,1179,1105,1089,1002,12/1/2024,Rental,107482.0
1003,1147,1002,1033,1003,9/29/2024,Rental,264384.0
1004,1176,1050,1120,1004,8/19/2024,Sale,761401.0
1005,1142,1186,1142,1005,5/13/2024,Rental,104625.0
1006,1026,1079,1147,1006,12/4/2024,Sale,279157.0
1007,1008,1110,1197,1007,2/17/2024,Sale,57943.0
1008,1197,1009,1152,1008,2/18/2024,Rental,
1009,1131,1044,1052,1009,1/20/2024,Sale,749872.0
1010,1124,1065,1156,1010,9/15/2024,,401712.0
1011,1103,1146,1111,1011,6/17/2024,Rental,688462.0
1012,1141,1165,1062,1012,10/17/2024,Sale,113600.0
1013,1199,1109,1023,1013,10/9/2024,Rental,603996.0
1014,1188,1119,1084,1014,8/22/2024,Sale,264835.0
1015,1162,1102,1005,1015,6/26/2024,Rental,235916.0
1016,1046,1092,1159,1016,12/5/2024,Rental,459470.0
1017,1011,1088,1110,1017,10/20/2024,,902938.0
1018,1198,1167,1029,1018,11/2/2024,Sale,790550.0
1019,1135,1041,1170,1019,8/18/2024,Rental,155151.0
1020,1027,1025,1040,1020,6/8/2024,Sale,437716.0
1021,1039,1064,1012,1021,10/26/2024,Rental,828689.0
1022,1067,1189,1169,1022,10/7/2024,Sale,580666.0
1023,1098,1171,1158,1023,10/9/2024,Sale,749406.0
1024,1013,1089,1011,1024,8/10/2024,Rental,937254.0
1025,1035,1138,1166,1025,8/28/2024,Rental,492891.0
1026,1104,1116,1064,1026,5/24/2024,,804555.0
1027,1148,1083,1082,1027,6/12/2024,Sale,411315.0
1028,1065,1117,1132,1028,7/23/2024,,463521.0
1029,1002,1103,1053,1029,4/27/2024,Rental,146448.0
1030,1001,1125,1038,1030,8/28/2024,Sale,420258.0
1031,1177,1030,1091,1031,12/26/2024,Rental,733583.0
1032,1146,1149,1143,1032,12/10/2024,Rental,707005.0
1033,1127,1015,1031,1033,6/21/2024,Sale,964402.0
1034,1088,1078,1002,1034,1/26/2024,Sale,418136.0
1035,1137,1037,1180,1035,7/20/2024,,766482.0
1036,1012,1162,1150,1036,10/12/2024,Rental,381508.0
1037,1134,1099,1139,1037,8/12/2024,Rental,912826.0
1038,1160,1140,1047,1038,8/14/2024,Sale,277308.0
1039,1120,1141,1148,1039,1/23/2024,Sale,153255.0
1040,1107,1010,1058,1040,3/12/2024,Sale,257513.0
1041,1119,1200,1063,1041,7/20/2024,Rental,675611.0
1042,1034,1188,1041,1042,4/9/2024,Rental,462471.0
1043,1170,1026,1177,1043,12/11/2024,,
1044,1115,1023,1188,1044,9/14/2024,Sale,496697.0
1045,1192,1073,1181,1045,11/22/2024,Rental,290529.0
1046,1062,1147,1044,1046,5/22/2024,Sale,637329.0
1047,1086,1043,1137,1047,8/29/2024,Sale,984694.0
1048,1033,1193,1096,1048,1/14/2024,Rental,689234.0
1049,1189,1170,1036,1049,4/21/2024,Sale,448425.0
1050,1128,1058,1171,1050,11/11/2024,Rental,506182.0
1051,1167,1166,1124,1051,6/23/2024,Rental,901136.0
1052,1130,1077,1193,1052,3/27/2024,Rental,986857.0
1053,1187,1108,1071,1053,10/31/2024,Rental,917592.0
1054,1156,1019,1174,1054,4/10/2024,Sale,113331.0
1055,1096,1048,1199,1055,9/12/2024,Sale,417598.0
1056,1077,1182,1122,1056,6/26/2024,Rental,954437.0
1057,1074,1176,1102,1057,10/10/2024,Sale,123616.0
1058,1091,1156,1109,1058,10/6/2024,Rental,480009.0
1059,1180,1028,1135,1059,11/3/2024,Rental,414739.0
1060,1196,1093,1129,1060,7/6/2024,Sale,203602.0
1061,1139,1005,1042,1061,3/26/2024,,427337.0
1062,1106,1177,1051,1062,10/16/2024,Rental,537716.0
1063,1078,1016,1167,1063,11/27/2024,Sale,515684.0
1064,1126,1120,1116,1064,6/8/2024,Rental,958512.0
1065,1151,1055,1022,1065,5/4/2024,Rental,806917.0
1066,1145,1036,1161,1066,4/21/2024,Rental,36510.0
1067,1153,1051,1155,1067,11/11/2024,Sale,97819.0
1068,1055,1004,1020,1068,12/21/2024,,759010.0
1069,1095,1135,1004,1069,7/25/2024,,255915.0
1070,1071,1017,1001,1070,2/13/2024,Rental,597281.0
1071,1029,1003,1018,1071,10/30/2024,Rental,391600.0
1072,1060,1185,1133,1072,7/28/2024,Rental,196259.0
1073,1186,1190,1190,1073,11/19/2024,Sale,379602.0
1074,1005,1084,1034,1074,2/22/2024,Rental,560089.0
1075,1161,1067,1056,1075,10/2/2024,Rental,358684.0
1076,1080,1175,1105,1076,1/8/2024,Rental,521906.0
1077,1113,1076,1074,1077,4/25/2024,Rental,171978.0
1078,1174,1155,1115,1078,10/24/2024,,279925.0
1079,1173,1061,1093,1079,6/24/2024,Rental,40775.0
1080,1047,1126,1106,1080,7/6/2024,Sale,921496.0
1081,1066,1191,1138,1081,11/27/2024,Rental,
1082,1138,1144,1003,1082,7/12/2024,Sale,770124.0
1083,1090,1086,1157,1083,12/23/2024,Rental,963026.0
1084,1075,1047,1176,1084,12/10/2024,Sale,942153.0
1085,1185,1115,1151,1085,10/20/2024,Rental,735494.0
1086,1105,1027,1127,1086,6/26/2024,Sale,795450.0
1087,1114,1106,1163,1087,3/29/2024,,60833.0
1088,1193,1151,1101,1088,5/11/2024,Rental,383199.0
1089,1053,1087,1007,1089,8/4/2024,Sale,411193.0
1090,1169,1159,1060,1090,10/28/2024,Sale,754054.0
1091,1123,1129,1068,1091,4/16/2024,Rental,785815.0
1092,1082,1094,1192,1092,7/8/2024,,692157.0
1093,1057,1154,1178,1093,4/7/2024,Sale,845039.0
1094,1009,1008,1112,1094,11/4/2024,Rental,635411.0
1095,1166,1054,1184,1095,1/20/2024,Rental,477317.0
1096,1059,1097,1114,1096,5/21/2024,,682239.0
1097,1163,1049,1134,1097,1/10/2024,,367999.0
1098,1110,1142,1140,1098,5/11/2024,Sale,241457.0
1099,1044,1081,1131,1099,7/17/2024,Sale,373282.0
1100,1014,1101,1100,1100,7/25/2024,Rental,106263.0
1101,1157,1057,1175,1101,8/7/2024,Sale,362035.0
1102,1018,1062,1168,1102,11/12/2024,Rental,754249.0
1103,1168,1069,1187,1103,1/25/2024,Rental,982245.0
1104,1019,1161,1008,1104,6/23/2024,Sale,111666.0
1105,1028,1007,1076,1105,3/22/2024,,695418.0
1106,1050,1046,1191,1106,8/27/2024,Rental,917924.0
1107,1061,1104,1077,1107,11/13/2024,Sale,488457.0
1108,1007,1199,1154,1108,5/15/2024,,664737.0
1109,1172,1187,1186,1109,2/2/2024,Sale,786593.0
1110,1064,1107,1107,1110,4/24/2024,Sale,700956.0
1111,1048,1013,1035,1111,8/19/2024,Sale,964816.0
1112,1158,1001,1183,1112,8/4/2024,Rental,694102.0
1113,1191,1181,1055,1113,6/13/2024,Rental,485958.0
1114,1159,1020,1144,1114,2/26/2024,,649426.0
1115,1164,1060,1046,1115,7/15/2024,Rental,
1116,1101,1063,1162,1116,10/30/2024,Sale,205856.0
1117,1097,1180,1078,1117,11/21/2024,,446994.0
1118,1045,1143,1099,1118,7/6/2024,Sale,865515.0
1119,1042,1071,1173,1119,10/15/2024,Rental,121710.0
1120,1024,1123,1145,1120,8/9/2024,Rental,369877.0
1121,1073,1196,1010,1121,3/8/2024,Rental,667591.0
1122,1016,1139,1189,1122,4/3/2024,Rental,88858.0
1123,1133,1128,1048,1123,1/27/2024,Rental,210620.0
1124,1084,1022,1030,1124,8/23/2024,Rental,880683.0
1125,1030,1091,1006,1125,2/18/2024,Rental,227136.0
1126,1052,1018,1146,1126,8/7/2024,Rental,148534.0
1127,1102,1169,1118,1127,4/27/2024,Sale,618138.0
1128,1076,1014,1094,1128,4/29/2024,Rental,137007.0
1129,1043,1024,1054,1129,3/22/2024,Rental,992733.0
1130,1063,1011,1095,1130,11/10/2024,Sale,611126.0
1131,1122,1090,1067,1131,6/30/2024,Rental,459194.0
1132,1200,1074,1024,1132,11/29/2024,Rental,733671.0
1133,1083,1056,1123,1133,4/1/2024,Sale,966450.0
1134,1069,1095,1026,1134,2/26/2024,Sale,320852.0
1135,1132,1124,1196,1135,9/23/2024,Rental,453383.0
1136,1111,1032,1136,1136,9/4/2024,Rental,
1137,1004,1132,1125,1137,11/1/2024,Rental,628730.0
1138,1040,1179,1073,1138,1/13/2024,Rental,769761.0
1139,1015,1172,1014,1139,7/15/2024,Rental,476844.0
1140,1037,1100,1185,1140,12/11/2024,Sale,398939.0
1141,1021,1160,1050,1141,10/18/2024,Sale,764307.0
1142,1038,1153,1088,1142,2/21/2024,Rental,
1143,1140,1130,1195,1143,7/11/2024,,791964.0
1144,1072,1006,1021,1144,9/5/2024,Sale,102054.0
1145,1036,1164,1061,1145,6/25/2024,Sale,25027.0
1146,1068,1197,1194,1146,1/23/2024,Rental,761063.0
1147,1150,1198,1090,1147,4/18/2024,Sale,682974.0
1148,1031,1075,1013,1148,5/27/2024,Sale,931482.0
1149,1154,1033,1070,1149,7/14/2024,,
1150,1092,1111,1028,1150,12/21/2024,,408965.0
1151,1099,1038,1083,1151,9/22/2024,,514689.0
1152,1054,1035,1128,1152,1/6/2024,Rental,621054.0
1153,1136,1174,1025,1153,1/15/2024,Sale,371164.0
1154,1006,1192,1081,1154,6/16/2024,Rental,467611.0
1155,1094,1122,1113,1155,3/29/2024,Rental,853967.0
1156,1155,1053,1149,1156,8/5/2024,Sale,659172.0
1157,1017,1184,1160,1157,5/1/2024,Rental,975828.0
1158,1079,1114,1200,1158,11/21/2024,Sale,278914.0
1159,1081,1045,1117,1159,8/5/2024,Rental,843747.0
1160,1183,1082,1079,1160,12/10/2024,Rental,477747.0
1161,1112,1168,1080,1161,7/18/2024,Rental,854221.0
1162,1182,1040,1065,1162,11/17/2024,Rental,31440.0
1163,1089,1029,1016,1163,12/10/2024,Rental,596549.0
1164,1117,1012,1092,1164,7/18/2024,,952276.0
1165,1049,1150,1086,1165,4/15/2024,,980665.0
1166,1181,1163,1043,1166,9/27/2024,Rental,578612.0
1167,1041,1059,1172,1167,5/31/2024,,801544.0
1168,1056,1136,1165,1168,6/26/2024,Rental,862234.0
1169,1116,1072,1153,1169,9/29/2024,Rental,149901.0
1170,1118,1113,1164,1170,6/12/2024,Rental,407740.0
1171,1022,1133,1141,1171,4/30/2024,Sale,990868.0
1172,1025,1157,1072,1172,5/20/2024,Sale,240657.0
1173,1051,1137,1098,1173,7/14/2024,Sale,881620.0
1174,1020,1121,1027,1174,10/27/2024,,126446.0
1175,1121,1148,1121,1175,2/20/2024,Rental,314156.0
1176,1152,1052,1182,1176,3/2/2024,Sale,859187.0
1177,1058,1158,1066,1177,4/29/2024,Rental,696879.0
1178,1184,1183,1059,1178,3/19/2024,Rental,652494.0
1179,1032,1152,1130,1179,5/19/2024,Sale,292251.0
1180,1195,1173,1085,1180,3/4/2024,Rental,
1181,1129,1080,1049,1181,11/5/2024,Sale,
1182,1165,1085,1104,1182,11/30/2024,Sale,269186.0
1183,1070,1021,1108,1183,8/19/2024,Rental,
1184,1175,1072,1160,1184,9/10/2024,Sale,
1185,1023,1043,1149,1185,8/24/2024,Rental,987531.0
1186,1160,1175,1041,1186,5/22/2024,Rental,617811.0
1187,1171,1105,1047,1187,1/12/2024,,972456.0
1188,1125,1035,1132,1188,2/25/2024,Rental,
1189,1170,1178,1028,1189,7/21/2024,Rental,331180.0
1190,1129,1074,1122,1190,10/8/2024,Sale,869200.0
1191,1108,1011,1156,1191,9/23/2024,Sale,966021.0
1192,1175,1007,1107,1192,3/2/2024,,877065.0
1193,1098,1063,1005,1193,8/30/2024,,57479.0
1194,1115,1049,1083,1194,8/26/2024,Rental,387127.0
1195,1044,1025,1043,1195,1/16/2024,,764931.0
1196,1150,1103,1141,1196,12/28/2024,,858658.0
1197,1003,1153,1131,1197,6/25/2024,Sale,
1198,1065,1181,1189,1198,4/12/2024,,
1199,1152,1189,1155,1199,8/15/2024,Rental,
1200,1184,1002,1088,1200,11/4/2024,,246149.0
