rent_id,property_id,agreement_date,rent_start_date,rent_end_date,rent_amount,client_id,commission_id,contract_id
1,171,2020-02-15,2020-04-18,2025-04-18,50604.0,193,846,1
2,259,2020-01-05,2020-02-29,2021-02-28,49528.0,21,269,2
3,210,2020-07-11,2020-10-01,2023-10-01,38420.0,765,791,3
4,765,2021-04-08,2021-06-30,2024-06-30,27640.0,668,31,4
5,546,2023-02-08,2023-05-25,2024-05-25,59525.0,941,743,5
6,280,2024-04-20,2024-08-18,2029-08-18,66308.0,1000,730,6
7,898,2023-09-29,2023-11-12,2027-11-12,58317.0,165,546,7
8,647,2022-10-24,2022-12-10,2026-12-10,20098.0,274,644,8
9,318,2019-12-14,2020-02-02,2024-02-02,18164.0,67,192,9
10,662,2021-01-22,2021-04-30,2026-04-30,57592.0,990,762,10
11,642,2019-09-29,2020-01-13,2022-01-13,44633.0,144,907,11
12,309,2019-07-28,2019-11-04,2024-11-04,,503,282,12
13,91,2021-08-06,2021-09-08,2025-09-08,51883.0,259,810,13
14,115,2019-07-25,2019-11-19,2022-11-19,72455.0,731,469,14
15,983,2022-08-15,2022-09-18,2026-09-18,58371.0,918,678,15
16,28,2020-12-04,2021-01-05,2026-01-05,62570.0,225,450,16
17,788,2020-09-27,2020-12-14,2023-12-14,28876.0,795,270,17
18,396,2024-03-06,2024-05-02,2027-05-02,16716.0,555,740,18
19,530,2022-07-05,2022-10-01,2027-10-01,26999.0,929,47,19
20,989,2022-01-22,2022-03-19,2026-03-19,26068.0,83,847,20
21,422,2024-02-20,2024-05-16,2026-05-16,68909.0,277,361,21
22,366,2022-01-22,2022-02-27,2026-02-27,65626.0,12,557,22
23,669,2019-06-15,2019-09-26,2022-09-26,32011.0,713,918,23
24,125,2019-08-18,2019-11-02,2023-11-02,63268.0,558,318,24
25,236,2019-05-23,2019-08-31,2022-08-31,71713.0,372,836,25
26,92,2024-01-04,2024-04-22,2028-04-22,69425.0,987,368,26
27,568,2020-10-04,2020-11-06,2023-11-06,61931.0,51,71,27
28,921,2019-08-15,2019-10-08,2021-10-08,25241.0,329,687,28
29,753,2022-03-12,2022-05-21,2027-05-21,71644.0,456,445,29
30,683,2020-01-03,2020-03-27,2025-03-27,50889.0,781,6,30
31,169,2022-02-13,2022-04-25,2025-04-25,65443.0,708,276,31
32,564,2023-03-03,2023-06-04,2024-06-04,,463,587,32
33,776,2021-04-01,2021-05-08,2023-05-08,38673.0,782,862,33
34,472,2020-10-09,2020-11-21,2024-11-21,37417.0,176,998,34
35,957,2019-11-11,2020-03-02,2023-03-02,,493,765,35
36,596,2021-12-05,2022-03-02,2023-03-02,42835.0,458,616,36
37,782,2023-02-08,2023-03-27,2024-03-27,23732.0,15,308,37
38,719,2021-12-03,2022-01-08,2025-01-08,30353.0,824,505,38
39,10,2022-09-16,2022-12-24,2026-12-24,,48,575,39
40,19,2022-03-30,2022-05-03,2027-05-03,60205.0,691,818,40
41,332,2022-02-08,2022-05-20,2025-05-20,,749,105,41
42,920,2020-03-21,2020-05-01,2021-05-01,28770.0,341,388,42
43,604,2023-06-19,2023-07-28,2026-07-28,51232.0,382,243,43
44,198,2022-02-28,2022-06-25,2026-06-25,28583.0,696,956,44
45,745,2023-02-07,2023-05-12,2024-05-12,46057.0,475,66,45
46,406,2023-10-17,2023-12-30,2024-12-30,25787.0,974,462,46
47,942,2019-11-05,2020-01-25,2021-01-25,61128.0,17,384,47
48,373,2021-12-05,2022-02-27,2024-02-27,50448.0,726,534,48
49,316,2019-09-28,2019-11-23,2024-11-23,36909.0,325,424,49
50,329,2024-03-25,2024-05-03,2028-05-03,28130.0,197,882,50
51,733,2022-09-15,2023-01-03,2024-01-03,40133.0,744,43,51
52,638,2021-04-20,2021-08-07,2025-08-07,,575,817,52
53,131,2024-05-04,2024-08-12,2026-08-12,51570.0,619,808,53
54,987,2022-07-22,2022-10-25,2025-10-25,70197.0,791,988,54
55,736,2023-03-15,2023-06-25,2028-06-25,36607.0,972,93,55
56,407,2020-08-20,2020-12-01,2022-12-01,42355.0,801,684,56
57,226,2019-07-09,2019-11-02,2021-11-02,54909.0,510,90,57
58,892,2022-08-07,2022-10-29,2027-10-29,16496.0,427,1000,58
59,918,2023-07-10,2023-09-07,2025-09-07,22043.0,597,382,59
60,74,2024-02-27,2024-06-15,2025-06-15,60319.0,970,418,60
61,242,2023-06-17,2023-08-20,2025-08-20,50693.0,253,612,61
62,466,2023-12-23,2024-01-28,2029-01-28,47250.0,350,710,62
63,991,2019-07-02,2019-08-03,2024-08-03,57245.0,417,825,63
64,653,2020-07-08,2020-09-17,2023-09-17,53719.0,816,2,64
65,698,2020-06-19,2020-09-03,2023-09-03,47264.0,661,642,65
66,116,2021-07-28,2021-09-21,2022-09-21,72044.0,219,348,66
67,799,2021-10-02,2022-01-25,2024-01-25,,224,863,67
68,612,2022-10-27,2022-12-08,2025-12-08,67231.0,690,893,68
69,168,2023-03-26,2023-05-18,2024-05-18,27165.0,851,578,69
70,901,2019-11-09,2020-02-05,2021-02-05,67641.0,547,175,70
71,66,2019-11-26,2020-01-22,2025-01-22,69958.0,908,387,71
72,1,2022-09-20,2022-12-01,2027-12-01,67261.0,577,223,72
73,191,2024-02-23,2024-06-06,2027-06-06,39056.0,613,165,73
74,375,2023-04-03,2023-07-20,2024-07-20,46516.0,327,653,74
75,215,2022-02-01,2022-04-24,2025-04-24,47188.0,352,140,75
76,548,2022-02-14,2022-04-19,2026-04-19,22875.0,954,206,76
77,712,2020-04-08,2020-06-28,2021-06-28,,936,504,77
78,613,2020-09-04,2020-12-25,2021-12-25,27848.0,346,968,78
79,467,2020-11-28,2021-01-07,2024-01-07,32761.0,315,479,79
80,155,2023-04-22,2023-08-08,2027-08-08,68868.0,957,681,80
81,716,2021-08-19,2021-11-28,2026-11-28,54711.0,940,772,81
82,732,2020-12-29,2021-03-24,2022-03-24,,179,585,82
83,919,2020-05-21,2020-08-14,2023-08-14,63426.0,632,719,83
84,748,2019-10-06,2020-02-02,2023-02-02,59915.0,23,954,84
85,428,2020-12-26,2021-03-21,2022-03-21,55353.0,326,786,85
86,295,2024-01-03,2024-03-15,2026-03-15,27272.0,127,559,86
87,378,2020-02-15,2020-04-18,2022-04-18,,258,739,87
88,588,2024-01-21,2024-02-22,2029-02-22,55873.0,684,577,88
89,232,2021-03-15,2021-05-24,2025-05-24,15118.0,70,338,89
90,149,2020-09-12,2020-11-17,2024-11-17,39116.0,264,89,90
91,174,2020-06-23,2020-08-25,2023-08-25,70044.0,90,242,91
92,931,2023-09-30,2023-11-16,2025-11-16,66985.0,16,438,92
93,595,2019-12-01,2020-02-29,2021-02-28,31257.0,353,540,93
94,34,2022-01-22,2022-04-02,2027-04-02,19627.0,943,171,94
95,106,2022-03-27,2022-05-31,2025-05-31,40307.0,682,302,95
96,200,2024-02-07,2024-03-28,2029-03-28,70800.0,283,393,96
97,399,2023-08-24,2023-10-13,2028-10-13,25429.0,603,240,97
98,814,2024-03-16,2024-06-30,2026-06-30,70788.0,764,191,98
99,754,2020-07-26,2020-09-19,2025-09-19,57406.0,857,364,99
100,952,2023-11-11,2024-02-06,2029-02-06,64236.0,935,638,100
101,514,2019-07-21,2019-10-28,2022-10-28,70325.0,856,558,101
102,827,2024-01-05,2024-05-04,2027-05-04,70274.0,241,497,102
103,591,2022-06-02,2022-10-01,2025-10-01,74507.0,270,771,103
104,37,2020-12-10,2021-02-02,2022-02-02,39905.0,587,489,104
105,774,2021-09-26,2021-11-11,2025-11-11,17288.0,139,32,105
106,832,2023-04-23,2023-07-18,2028-07-18,18484.0,33,727,106
107,12,2023-02-09,2023-05-18,2025-05-18,72806.0,664,953,107
108,160,2020-04-15,2020-05-22,2025-05-22,46925.0,633,98,108
109,881,2020-06-20,2020-08-25,2022-08-25,68658.0,416,683,109
110,182,2022-11-22,2023-02-22,2026-02-22,37768.0,657,729,110
111,201,2024-03-25,2024-07-14,2027-07-14,64108.0,9,458,111
112,297,2020-05-08,2020-06-16,2021-06-16,40725.0,580,46,112
113,458,2021-06-30,2021-08-26,2022-08-26,25200.0,94,123,113
114,368,2023-06-20,2023-10-16,2024-10-16,33865.0,513,923,114
115,883,2022-01-15,2022-05-05,2023-05-05,36992.0,651,731,115
116,257,2020-06-25,2020-09-17,2022-09-17,33501.0,71,790,116
117,628,2022-07-14,2022-08-16,2025-08-16,16275.0,553,720,117
118,951,2019-12-13,2020-02-07,2024-02-07,56176.0,374,119,118
119,100,2021-10-07,2021-12-26,2026-12-26,21606.0,753,690,119
120,72,2023-04-26,2023-06-14,2026-06-14,68293.0,953,686,120
121,445,2020-04-18,2020-07-05,2025-07-05,61874.0,745,133,121
122,452,2021-08-09,2021-10-04,2024-10-04,60710.0,278,721,122
123,202,2022-02-02,2022-04-16,2023-04-16,48038.0,528,501,123
124,786,2021-10-26,2022-01-23,2027-01-23,49542.0,743,317,124
125,537,2021-12-10,2022-03-03,2027-03-03,52096.0,287,181,125
126,156,2019-08-02,2019-10-28,2020-10-28,,570,238,126
127,659,2020-07-18,2020-10-11,2021-10-11,16543.0,511,897,127
128,960,2023-11-10,2024-02-16,2028-02-16,,509,571,128
129,336,2022-06-30,2022-08-13,2027-08-13,29989.0,336,696,129
130,234,2019-06-21,2019-10-17,2022-10-17,37356.0,93,570,130
131,685,2024-01-19,2024-03-25,2028-03-25,38471.0,444,435,131
132,940,2022-04-25,2022-08-03,2026-08-03,20438.0,736,509,132
133,81,2021-09-14,2022-01-13,2026-01-13,68794.0,968,676,133
134,667,2020-08-05,2020-10-01,2023-10-01,43204.0,49,42,134
135,838,2020-10-31,2021-02-25,2023-02-25,46183.0,732,623,135
136,11,2020-03-23,2020-06-16,2024-06-16,59945.0,671,802,136
137,607,2021-10-13,2021-12-26,2024-12-26,71375.0,252,231,137
138,416,2022-02-17,2022-05-05,2027-05-05,68745.0,858,694,138
139,62,2022-01-12,2022-04-17,2024-04-17,57561.0,492,218,139
140,780,2023-08-28,2023-10-30,2026-10-30,21872.0,955,961,140
141,405,2020-08-17,2020-11-13,2025-11-13,38006.0,754,516,141
142,665,2019-10-24,2019-11-30,2024-11-30,65496.0,576,167,142
143,138,2022-02-28,2022-06-08,2024-06-08,38917.0,524,355,143
144,240,2021-04-26,2021-06-05,2026-06-05,32596.0,282,116,144
145,592,2020-11-08,2020-12-28,2021-12-28,17880.0,869,18,145
146,777,2021-04-29,2021-07-14,2022-07-14,,885,230,146
147,608,2020-04-08,2020-07-15,2025-07-15,20279.0,181,379,147
148,35,2020-08-16,2020-10-25,2022-10-25,41645.0,213,360,148
149,474,2020-02-19,2020-06-20,2025-06-20,69983.0,785,40,149
150,529,2022-08-29,2022-10-05,2025-10-05,40261.0,408,702,150
151,857,2024-03-18,2024-06-22,2027-06-22,53415.0,476,63,151
152,465,2020-10-15,2021-02-07,2023-02-07,53884.0,893,158,152
153,468,2020-02-10,2020-04-15,2024-04-15,54913.0,643,426,153
154,704,2020-09-29,2021-01-06,2026-01-06,65817.0,913,748,154
155,500,2024-01-09,2024-04-23,2025-04-23,27434.0,711,593,155
156,829,2023-05-09,2023-08-26,2024-08-26,40029.0,689,898,156
157,833,2020-08-09,2020-11-12,2024-11-12,46864.0,912,37,157
158,687,2020-11-18,2021-01-19,2023-01-19,63124.0,992,543,158
159,150,2019-09-30,2020-01-15,2024-01-15,22757.0,863,414,159
160,522,2024-02-05,2024-04-08,2027-04-08,39723.0,593,137,160
161,344,2021-02-10,2021-06-04,2024-06-04,45884.0,756,480,161
162,414,2023-11-26,2024-01-13,2028-01-13,19264.0,667,95,162
163,803,2020-05-26,2020-06-30,2023-06-30,18438.0,41,943,163
164,417,2021-03-14,2021-04-27,2026-04-27,44569.0,916,455,164
165,481,2023-11-10,2024-02-24,2027-02-24,36855.0,789,357,165
166,94,2020-09-22,2020-11-23,2025-11-23,67397.0,946,225,166
167,14,2020-12-10,2021-03-31,2025-03-31,39320.0,8,945,167
168,976,2020-08-13,2020-11-17,2024-11-17,,256,580,168
169,461,2023-07-20,2023-11-16,2025-11-16,27798.0,975,814,169
170,354,2021-06-18,2021-08-21,2024-08-21,57594.0,874,319,170
171,109,2019-05-13,2019-06-24,2023-06-24,34323.0,266,649,171
172,725,2020-12-14,2021-02-28,2026-02-28,34743.0,810,405,172
173,42,2022-08-25,2022-11-09,2024-11-09,32463.0,471,560,173
174,996,2023-08-25,2023-09-30,2027-09-30,70647.0,665,185,174
175,148,2019-11-11,2019-12-23,2023-12-23,15216.0,969,216,175
176,945,2020-03-14,2020-06-25,2021-06-25,60642.0,389,735,176
177,977,2023-11-06,2023-12-13,2026-12-13,20258.0,615,852,177
178,795,2020-06-30,2020-09-10,2023-09-10,43952.0,100,110,178
179,696,2020-04-03,2020-07-19,2024-07-19,59617.0,507,994,179
180,791,2023-09-18,2024-01-16,2028-01-16,64554.0,872,526,180
181,195,2020-11-14,2021-02-25,2025-02-25,62315.0,780,486,181
182,969,2024-02-26,2024-04-10,2026-04-10,,87,503,182
183,241,2023-10-09,2023-11-29,2024-11-29,43412.0,236,436,183
184,844,2023-02-27,2023-06-03,2026-06-03,47790.0,428,149,184
185,760,2023-08-01,2023-09-19,2024-09-19,26720.0,485,236,185
186,199,2020-12-25,2021-02-01,2022-02-01,43838.0,910,655,186
187,678,2020-05-20,2020-06-27,2023-06-27,18522.0,361,717,187
188,798,2023-06-07,2023-08-22,2026-08-22,53397.0,994,648,188
189,758,2022-06-16,2022-08-19,2026-08-19,38169.0,243,421,189
190,877,2022-09-20,2022-12-23,2027-12-23,69982.0,398,369,190
191,360,2019-09-21,2019-12-20,2020-12-20,40696.0,431,622,191
192,573,2021-03-24,2021-07-11,2022-07-11,40238.0,653,57,192
193,319,2020-08-06,2020-10-01,2022-10-01,20858.0,734,890,193
194,616,2020-11-14,2021-01-22,2022-01-22,46351.0,68,280,194
195,205,2021-01-01,2021-04-21,2023-04-21,37383.0,644,304,195
196,177,2019-10-13,2019-12-09,2021-12-09,17345.0,84,180,196
197,621,2023-06-26,2023-09-21,2024-09-21,62769.0,981,265,197
198,186,2022-08-25,2022-12-20,2025-12-20,33175.0,899,530,198
199,408,2019-09-07,2019-12-20,2023-12-20,23988.0,889,80,199
200,962,2023-05-20,2023-08-10,2027-08-10,38620.0,523,176,200
201,404,2024-02-07,2024-03-14,2028-03-14,66428.0,57,449,201
202,562,2022-04-26,2022-08-20,2023-08-20,67281.0,724,832,202
203,936,2020-03-25,2020-06-05,2023-06-05,55059.0,39,522,203
204,271,2020-01-30,2020-04-19,2023-04-19,44291.0,588,936,204
205,640,2020-01-10,2020-04-06,2022-04-06,20294.0,52,952,205
206,747,2022-07-02,2022-10-20,2023-10-20,46398.0,911,188,206
207,630,2022-11-19,2023-03-03,2028-03-03,29605.0,98,285,207
208,87,2021-12-24,2022-04-06,2024-04-06,29934.0,676,198,208
209,334,2020-08-21,2020-10-03,2022-10-03,59532.0,335,196,209
210,483,2023-07-08,2023-08-26,2026-08-26,62814.0,859,114,210
211,917,2021-05-23,2021-08-30,2023-08-30,69802.0,385,773,211
212,544,2020-11-05,2021-01-29,2023-01-29,70122.0,865,519,212
213,238,2021-02-28,2021-04-30,2024-04-30,44454.0,293,349,213
214,323,2023-02-11,2023-06-01,2026-06-01,66827.0,230,972,214
215,306,2022-06-18,2022-08-16,2027-08-16,50572.0,984,337,215
216,85,2020-05-08,2020-06-19,2025-06-19,22092.0,366,536,216
217,228,2020-07-30,2020-09-06,2023-09-06,29046.0,244,333,217
218,773,2022-01-05,2022-05-02,2024-05-02,38729.0,198,101,218
219,953,2019-12-29,2020-02-06,2022-02-06,24696.0,838,823,219
220,819,2020-04-02,2020-07-02,2021-07-02,50859.0,850,910,220
221,558,2020-08-27,2020-10-20,2025-10-20,62520.0,457,36,221
222,394,2019-03-14,2019-05-25,2023-05-25,16829.0,601,474,222
223,303,2023-06-22,2023-09-25,2026-09-25,62353.0,989,41,223
224,143,2023-11-19,2024-02-26,2029-02-26,30606.0,339,657,224
225,352,2023-08-07,2023-11-21,2028-11-21,27168.0,747,272,225
226,166,2021-05-15,2021-07-26,2023-07-26,43383.0,770,195,226
227,891,2020-06-13,2020-09-01,2025-09-01,37403.0,586,248,227
228,941,2022-08-17,2022-11-13,2025-11-13,28987.0,978,217,228
229,31,2020-07-30,2020-10-07,2025-10-07,24233.0,700,467,229
230,351,2020-08-21,2020-10-12,2022-10-12,48183.0,871,913,230
231,657,2022-03-01,2022-04-30,2026-04-30,,418,711,231
232,666,2021-12-19,2022-02-06,2027-02-06,68089.0,404,960,232
233,697,2020-12-16,2021-01-31,2023-01-31,47364.0,229,247,233
234,287,2019-10-15,2019-11-21,2020-11-21,40846.0,150,250,234
235,864,2021-01-15,2021-04-24,2025-04-24,44079.0,741,634,235
236,372,2023-09-25,2023-12-10,2025-12-10,71015.0,737,971,236
237,134,2022-07-13,2022-10-22,2024-10-22,21165.0,890,440,237
238,749,2023-02-20,2023-04-20,2025-04-20,49955.0,118,603,238
239,311,2021-09-14,2021-12-15,2023-12-15,22198.0,518,314,239
240,899,2024-03-17,2024-05-13,2028-05-13,42042.0,257,281,240
241,425,2021-03-20,2021-05-21,2023-05-21,70996.0,650,812,241
242,33,2020-06-05,2020-08-10,2024-08-10,69112.0,572,906,242
243,714,2020-10-31,2020-12-23,2024-12-23,60415.0,410,502,243
244,651,2021-11-20,2022-01-08,2026-01-08,49372.0,591,88,244
245,676,2021-08-08,2021-10-22,2024-10-22,46429.0,115,70,245
246,985,2024-03-09,2024-06-04,2028-06-04,40583.0,742,698,246
247,865,2023-07-08,2023-09-05,2026-09-05,16226.0,199,613,247
248,470,2021-05-31,2021-09-04,2025-09-04,40889.0,214,626,248
249,23,2022-03-13,2022-05-11,2026-05-11,34651.0,294,10,249
250,491,2024-03-09,2024-07-03,2026-07-03,15497.0,639,115,250
251,333,2022-12-11,2023-03-26,2027-03-26,42861.0,105,572,251
252,992,2020-06-19,2020-07-21,2024-07-21,34022.0,799,552,252
253,752,2023-10-10,2024-01-14,2027-01-14,21511.0,995,380,253
254,692,2019-09-19,2019-12-08,2022-12-08,31537.0,773,747,254
255,412,2022-05-10,2022-08-18,2024-08-18,,720,978,255
256,835,2019-09-27,2019-12-22,2022-12-22,32775.0,594,880,256
257,30,2021-03-16,2021-05-24,2022-05-24,32998.0,498,491,257
258,444,2022-06-15,2022-08-14,2026-08-14,56136.0,775,205,258
259,105,2021-01-18,2021-03-31,2023-03-31,38186.0,794,886,259
260,849,2021-05-06,2021-06-16,2022-06-16,54920.0,490,214,260
261,330,2023-12-23,2024-04-22,2029-04-22,,261,659,261
262,421,2023-02-16,2023-04-14,2026-04-14,56780.0,62,326,262
263,615,2021-01-23,2021-04-21,2025-04-21,35317.0,860,22,263
264,614,2022-07-22,2022-10-20,2027-10-20,67613.0,102,303,264
265,196,2022-04-13,2022-07-22,2023-07-22,,191,950,265
266,18,2020-06-14,2020-09-06,2022-09-06,33164.0,370,50,266
267,49,2022-02-28,2022-04-06,2027-04-06,35777.0,145,456,267
268,71,2019-07-27,2019-11-12,2020-11-12,57898.0,401,933,268
269,446,2023-04-08,2023-06-08,2026-06-08,65012.0,797,930,269
270,363,2019-09-08,2019-12-12,2023-12-12,45114.0,140,665,270
271,869,2024-01-05,2024-02-26,2025-02-26,47076.0,919,127,271
272,839,2021-01-22,2021-04-28,2025-04-28,45812.0,40,768,272
273,245,2020-03-29,2020-05-18,2021-05-18,22627.0,699,932,273
274,326,2023-01-28,2023-03-24,2025-03-24,68229.0,932,871,274
275,217,2024-02-26,2024-04-09,2027-04-09,51110.0,800,916,275
276,611,2022-12-30,2023-04-01,2026-04-01,34356.0,698,902,276
277,826,2021-11-05,2021-12-25,2025-12-25,55187.0,849,112,277
278,999,2023-01-26,2023-04-16,2026-04-16,68542.0,334,513,278
279,569,2019-12-03,2020-03-24,2023-03-24,41031.0,590,15,279
280,851,2022-11-16,2023-01-15,2026-01-15,67533.0,220,967,280
281,76,2020-05-22,2020-09-03,2021-09-03,48057.0,892,353,281
282,845,2022-09-22,2022-12-22,2024-12-22,15086.0,186,86,282
283,113,2023-11-17,2024-01-15,2025-01-15,32146.0,72,194,283
284,541,2021-04-22,2021-05-29,2022-05-29,43555.0,712,989,284
285,886,2023-10-13,2024-02-12,2025-02-12,28877.0,716,439,285
286,129,2022-08-12,2022-10-07,2023-10-07,73345.0,637,946,286
287,180,2020-02-29,2020-05-06,2025-05-06,30874.0,999,461,287
288,821,2019-09-19,2019-10-24,2021-10-24,,862,305,288
289,519,2021-01-03,2021-03-12,2024-03-12,,402,640,289
290,553,2022-03-27,2022-07-17,2024-07-17,60840.0,446,669,290
291,853,2023-02-10,2023-03-28,2025-03-28,18745.0,170,256,291
292,597,2021-12-11,2022-03-30,2026-03-30,36613.0,296,210,292
293,762,2023-04-20,2023-07-09,2025-07-09,69197.0,162,471,293
294,367,2022-10-15,2022-12-12,2026-12-12,72465.0,32,749,294
295,944,2022-06-11,2022-09-13,2025-09-13,65747.0,310,561,295
296,783,2021-05-22,2021-09-05,2025-09-05,74512.0,300,178,296
297,298,2023-10-21,2024-01-29,2026-01-29,20622.0,409,25,297
298,967,2019-10-12,2019-12-01,2022-12-01,49961.0,669,74,298
299,151,2021-08-10,2021-09-13,2024-09-13,50922.0,119,726,299
300,808,2023-05-11,2023-06-29,2028-06-29,,114,221,300
301,688,2020-03-06,2020-06-11,2023-06-11,57838.0,423,121,301
302,54,2024-03-26,2024-07-07,2029-07-07,26366.0,986,477,302
303,455,2021-07-16,2021-11-11,2024-11-11,60253.0,567,911,303
304,387,2020-05-20,2020-07-31,2025-07-31,15196.0,172,917,304
305,101,2023-03-13,2023-04-28,2028-04-28,67101.0,520,617,305
306,510,2020-08-07,2020-11-02,2024-11-02,41608.0,28,262,306
307,442,2022-11-29,2023-03-03,2025-03-03,33404.0,687,26,307
308,769,2021-08-21,2021-11-30,2024-11-30,16084.0,499,803,308
309,84,2020-01-30,2020-05-06,2022-05-06,70065.0,787,227,309
310,532,2020-06-03,2020-07-28,2022-07-28,65747.0,331,884,310
311,995,2021-03-12,2021-04-25,2022-04-25,62255.0,831,283,311
312,304,2020-06-23,2020-09-24,2022-09-24,15118.0,640,274,312
313,560,2022-10-06,2023-01-10,2028-01-10,73062.0,314,976,313
314,231,2022-11-21,2023-01-25,2027-01-25,17825.0,473,842,314
315,858,2022-03-16,2022-04-25,2027-04-25,37487.0,143,172,315
316,894,2021-05-03,2021-06-25,2024-06-25,68053.0,945,779,316
317,914,2023-05-18,2023-08-31,2026-08-31,57066.0,717,582,317
318,690,2021-01-28,2021-05-22,2024-05-22,35601.0,391,738,318
319,385,2022-08-13,2022-10-26,2024-10-26,56434.0,923,96,319
320,284,2020-07-19,2020-10-07,2023-10-07,,670,588,320
321,971,2022-04-07,2022-08-07,2024-08-07,70253.0,187,753,321
322,570,2020-09-13,2020-12-16,2021-12-16,31028.0,82,999,322
323,763,2023-11-07,2024-02-06,2028-02-06,27096.0,728,164,323
324,887,2021-03-19,2021-07-16,2024-07-16,56091.0,367,920,324
325,270,2024-01-13,2024-02-25,2028-02-25,52238.0,80,997,325
326,625,2020-11-16,2020-12-25,2023-12-25,35051.0,151,733,326
327,315,2024-01-12,2024-04-04,2027-04-04,46756.0,322,60,327
328,966,2023-05-28,2023-08-29,2027-08-29,71550.0,75,707,328
329,293,2020-09-02,2020-11-24,2024-11-24,31597.0,604,977,329
330,254,2021-07-09,2021-11-03,2025-11-03,15237.0,674,447,330
331,677,2019-08-24,2019-10-01,2023-10-01,65086.0,125,908,331
332,789,2021-10-17,2022-02-15,2026-02-15,70438.0,581,677,332
333,645,2024-04-09,2024-07-21,2025-07-21,19596.0,922,381,333
334,489,2019-11-25,2020-01-24,2024-01-24,61698.0,531,92,334
335,277,2023-01-12,2023-03-08,2028-03-08,64344.0,533,619,335
336,828,2023-06-21,2023-09-15,2024-09-15,,998,454,336
337,80,2024-02-06,2024-06-07,2025-06-07,27182.0,947,597,337
338,107,2020-09-14,2020-12-18,2024-12-18,25004.0,867,5,338
339,350,2022-08-17,2022-10-09,2023-10-09,70577.0,351,83,339
340,523,2022-06-23,2022-09-17,2027-09-17,29168.0,171,544,340
341,274,2020-11-01,2020-12-10,2024-12-10,26347.0,768,992,341
342,734,2021-03-09,2021-06-30,2024-06-30,40883.0,412,511,342
343,701,2021-02-24,2021-04-17,2023-04-17,20768.0,245,312,343
344,870,2019-07-23,2019-09-04,2021-09-04,19026.0,617,466,344
345,494,2024-04-23,2024-08-10,2026-08-10,,589,61,345
346,97,2024-04-07,2024-05-08,2026-05-08,53049.0,263,138,346
347,958,2024-04-16,2024-08-05,2026-08-05,,189,645,347
348,418,2021-09-24,2022-01-13,2025-01-13,52976.0,491,811,348
349,834,2020-10-16,2021-01-31,2023-01-31,47970.0,526,858,349
350,159,2022-02-21,2022-06-14,2023-06-14,51672.0,330,550,350
351,750,2024-01-25,2024-03-15,2025-03-15,40169.0,634,376,351
352,744,2022-12-08,2023-02-11,2024-02-11,59608.0,210,775,352
353,117,2019-09-06,2019-10-24,2020-10-24,21115.0,599,922,353
354,880,2020-02-12,2020-05-16,2021-05-16,34173.0,184,161,354
355,889,2022-08-07,2022-11-27,2023-11-27,43811.0,226,87,355
356,401,2022-01-30,2022-05-14,2025-05-14,57285.0,10,81,356
357,135,2019-12-07,2020-03-15,2023-03-15,28381.0,265,375,357
358,487,2023-09-10,2023-12-10,2026-12-10,56684.0,521,905,358
359,984,2021-04-10,2021-08-01,2022-08-01,38414.0,227,65,359
360,846,2019-10-14,2019-12-10,2022-12-10,,111,948,360
361,79,2023-10-08,2024-01-31,2028-01-31,29988.0,895,154,361
362,636,2024-06-19,2024-10-17,2025-10-17,48494.0,192,766,362
363,380,2023-08-04,2023-11-07,2027-11-07,54231.0,648,800,363
364,222,2019-11-12,2020-03-02,2021-03-02,66279.0,449,688,364
365,868,2023-11-11,2023-12-21,2026-12-21,58298.0,388,500,365
366,705,2022-05-13,2022-07-26,2027-07-26,22824.0,333,229,366
367,347,2019-07-07,2019-10-10,2022-10-10,71775.0,827,370,367
368,53,2020-12-09,2021-02-03,2022-02-03,25517.0,828,564,368
369,633,2020-01-07,2020-05-01,2022-05-01,27828.0,360,284,369
370,727,2021-09-28,2022-01-26,2023-01-26,38694.0,167,402,370
371,114,2022-12-14,2023-03-11,2026-03-11,47672.0,146,652,371
372,29,2023-05-18,2023-07-04,2025-07-04,25859.0,508,59,372
373,450,2021-02-14,2021-05-24,2025-05-24,40203.0,152,113,373
374,699,2020-11-23,2021-01-19,2023-01-19,64134.0,517,805,374
375,469,2023-06-09,2023-09-29,2024-09-29,27482.0,678,658,375
376,565,2021-08-24,2021-12-18,2023-12-18,20324.0,779,966,376
377,502,2023-10-10,2023-12-31,2026-12-31,57035.0,363,428,377
378,813,2023-02-17,2023-04-18,2025-04-18,66130.0,620,266,378
379,511,2021-08-27,2021-12-22,2022-12-22,64027.0,608,362,379
380,480,2022-06-23,2022-09-11,2024-09-11,37661.0,925,448,380
381,545,2023-07-15,2023-08-19,2024-08-19,44671.0,944,556,381
382,686,2020-10-30,2020-12-14,2023-12-14,38661.0,154,297,382
383,424,2020-06-29,2020-10-19,2025-10-19,24987.0,655,660,383
384,2,2019-10-30,2020-02-23,2023-02-23,51247.0,762,271,384
385,123,2019-10-02,2019-11-29,2020-11-29,21825.0,7,496,385
386,811,2022-08-28,2022-10-25,2025-10-25,37386.0,792,444,386
387,276,2022-11-11,2022-12-12,2026-12-12,,649,129,387
388,526,2019-11-15,2020-02-16,2022-02-16,34598.0,124,190,388
389,551,2019-09-30,2020-01-22,2025-01-22,53883.0,306,482,389
390,863,2022-06-27,2022-08-01,2027-08-01,42613.0,134,335,390
391,430,2021-09-08,2021-11-16,2026-11-16,54646.0,861,404,391
392,882,2022-02-15,2022-06-12,2023-06-12,27051.0,578,3,392
393,721,2024-05-19,2024-08-26,2028-08-26,73219.0,207,672,393
394,884,2020-08-17,2020-10-29,2021-10-29,,621,425,394
395,191,2023-11-23,2024-02-16,2028-02-16,67971.0,99,38,395
396,816,2021-03-25,2021-07-03,2026-07-03,54122.0,29,85,396
397,600,2020-10-08,2020-12-14,2023-12-14,17569.0,175,566,397
398,154,2023-04-03,2023-05-11,2026-05-11,53730.0,751,53,398
399,856,2021-03-31,2021-05-28,2022-05-28,64333.0,158,975,399
400,99,2022-12-06,2023-02-27,2025-02-27,61287.0,584,58,400
401,32,2021-04-12,2021-07-30,2022-07-30,,480,430,401
402,857,2024-03-18,2024-04-30,2028-04-30,62586.0,132,916,402
403,160,2020-04-15,2020-06-14,2021-06-14,42818.0,647,468,403
404,479,2023-11-28,2024-02-22,2025-02-22,42631.0,109,823,404
405,999,2023-03-26,2023-07-09,2025-07-09,27425.0,853,677,405
406,669,2019-09-15,2019-12-01,2022-12-01,20791.0,895,459,406
407,313,2020-11-10,2021-02-12,2026-02-12,59817.0,922,425,407
408,616,2020-07-14,2020-10-13,2025-10-13,60465.0,278,723,408
409,55,2022-11-25,2023-01-15,2026-01-15,37028.0,662,338,409
410,234,2019-10-21,2019-12-19,2024-12-19,63719.0,586,976,410
411,412,2022-06-10,2022-10-03,2025-10-03,15739.0,829,667,411
412,404,2024-06-07,2024-09-30,2027-09-30,54127.0,374,388,412
413,272,2020-12-02,2021-03-15,2023-03-15,44659.0,238,894,413
414,345,2020-06-02,2020-08-06,2023-08-06,71188.0,884,973,414
415,37,2020-09-10,2020-12-15,2021-12-15,42384.0,83,318,415
416,640,2020-01-10,2020-03-29,2023-03-29,24998.0,336,608,416
417,471,2021-11-06,2022-01-28,2025-01-28,35325.0,800,534,417
418,843,2021-04-03,2021-06-29,2024-06-29,,146,40,418
419,11,2020-04-23,2020-08-08,2023-08-08,45543.0,110,105,419
420,383,2020-08-05,2020-11-12,2023-11-12,39275.0,254,883,420
421,598,2021-10-16,2022-01-25,2023-01-25,67395.0,72,182,421
422,631,2019-09-07,2019-12-19,2021-12-19,21901.0,48,743,422
423,488,2021-05-12,2021-06-24,2022-06-24,17685.0,627,213,423
424,820,2023-02-04,2023-04-11,2028-04-11,45406.0,521,596,424
425,802,2022-06-09,2022-07-10,2023-07-10,27343.0,739,671,425
426,296,2019-11-05,2019-12-08,2020-12-08,41276.0,768,176,426
427,964,2019-09-20,2019-12-06,2023-12-06,38673.0,817,281,427
428,344,2021-04-10,2021-07-28,2023-07-28,,268,814,428
429,641,2022-01-28,2022-05-14,2027-05-14,47701.0,125,953,429
430,854,2021-09-04,2021-12-16,2025-12-16,58092.0,352,597,430
431,780,2023-12-28,2024-04-25,2027-04-25,24300.0,866,656,431
432,550,2020-06-02,2020-07-25,2022-07-25,70348.0,89,941,432
433,20,2020-02-21,2020-05-26,2021-05-26,38763.0,522,618,433
434,796,2021-05-28,2021-07-27,2024-07-27,73193.0,212,820,434
435,478,2021-02-07,2021-05-18,2024-05-18,51087.0,950,452,435
436,836,2022-06-02,2022-09-27,2024-09-27,68293.0,828,724,436
437,64,2020-05-24,2020-08-04,2022-08-04,65724.0,554,16,437
438,710,2020-01-04,2020-03-23,2021-03-23,74181.0,428,233,438
439,275,2020-06-09,2020-09-13,2024-09-13,41581.0,182,8,439
440,947,2022-04-13,2022-06-23,2025-06-23,64997.0,604,515,440
441,524,2019-05-17,2019-09-06,2022-09-06,60955.0,709,383,441
442,195,2020-09-14,2020-11-18,2024-11-18,26613.0,419,701,442
443,447,2020-10-10,2021-01-02,2022-01-02,35432.0,414,609,443
444,86,2021-09-17,2021-12-26,2026-12-26,23596.0,725,136,444
445,847,2020-12-31,2021-02-28,2026-02-28,31373.0,472,106,445
446,626,2022-12-06,2023-03-31,2025-03-31,20255.0,386,918,446
447,31,2020-05-30,2020-08-16,2024-08-16,38250.0,251,328,447
448,225,2021-07-13,2021-09-02,2024-09-02,,318,124,448
449,592,2020-11-08,2021-01-04,2026-01-04,62032.0,598,42,449
450,867,2023-02-18,2023-05-17,2024-05-17,74660.0,1,57,450
451,724,2019-12-08,2020-02-12,2024-02-12,51036.0,678,839,451
452,5,2020-02-17,2020-05-22,2023-05-22,33643.0,792,715,452
453,668,2023-03-02,2023-04-26,2024-04-26,65109.0,315,620,453
454,287,2020-02-15,2020-03-25,2025-03-25,51287.0,893,1000,454
455,156,2019-07-02,2019-10-29,2024-10-29,48927.0,462,283,455
456,116,2021-03-28,2021-07-20,2025-07-20,30991.0,686,758,456
457,828,2023-05-21,2023-08-06,2028-08-06,27864.0,938,440,457
458,917,2021-07-23,2021-10-01,2024-10-01,,932,634,458
459,146,2020-02-15,2020-04-15,2021-04-15,74402.0,799,669,459
460,544,2021-03-05,2021-06-15,2026-06-15,57995.0,31,189,460
461,483,2023-06-08,2023-07-24,2024-07-24,72815.0,912,870,461
462,932,2020-06-29,2020-10-12,2022-10-12,63044.0,155,342,462
463,691,2019-10-08,2019-12-15,2024-12-15,36611.0,8,30,463
464,175,2021-08-29,2021-11-01,2024-11-01,29545.0,615,278,464
465,449,2021-07-14,2021-11-13,2026-11-13,41165.0,289,331,465
466,825,2023-05-04,2023-07-18,2025-07-18,67406.0,176,209,466
467,806,2022-04-15,2022-06-12,2027-06-12,55688.0,657,862,467
468,406,2023-10-17,2023-11-30,2024-11-30,43914.0,973,755,468
469,461,2023-07-20,2023-08-30,2027-08-30,30386.0,241,640,469
470,149,2020-05-12,2020-08-14,2024-08-14,68798.0,148,844,470
471,977,2024-02-06,2024-04-25,2028-04-25,40527.0,223,531,471
472,482,2019-12-25,2020-02-14,2021-02-14,52730.0,341,232,472
473,420,2020-03-11,2020-05-29,2022-05-29,65331.0,517,242,473
474,487,2023-11-10,2024-01-06,2025-01-06,65687.0,754,760,474
475,121,2022-12-23,2023-02-11,2026-02-11,59921.0,361,558,475
476,83,2022-03-04,2022-06-10,2024-06-10,52513.0,169,563,476
477,566,2020-01-14,2020-03-07,2022-03-07,30068.0,825,77,477
478,182,2022-12-22,2023-02-23,2028-02-23,48028.0,250,752,478
479,886,2023-11-13,2024-02-17,2025-02-17,33713.0,883,621,479
480,502,2024-02-10,2024-04-20,2026-04-20,27935.0,890,716,480
481,671,2020-06-03,2020-08-24,2022-08-24,41639.0,731,133,481
482,243,2020-11-26,2021-03-26,2023-03-26,20379.0,184,764,482
483,708,2022-02-11,2022-03-23,2026-03-23,59084.0,924,673,483
484,519,2020-11-03,2020-12-16,2021-12-16,19833.0,70,971,484
485,940,2022-03-25,2022-05-22,2025-05-22,42294.0,644,445,485
486,68,2019-09-23,2019-12-29,2023-12-29,29296.0,135,276,486
487,120,2020-11-28,2021-01-07,2023-01-07,57792.0,573,809,487
488,508,2023-04-13,2023-07-27,2024-07-27,28692.0,358,333,488
489,528,2019-07-11,2019-08-17,2022-08-17,39170.0,673,380,489
490,812,2022-09-02,2022-11-10,2024-11-10,35337.0,649,157,490
491,242,2023-05-17,2023-07-03,2028-07-03,59968.0,989,298,491
492,921,2019-09-15,2019-12-07,2023-12-07,40400.0,267,594,492
493,17,2023-03-29,2023-06-20,2024-06-20,63312.0,587,680,493
494,186,2022-09-25,2023-01-09,2025-01-09,57578.0,591,393,494
495,497,2020-10-02,2020-12-16,2023-12-16,27489.0,245,74,495
496,200,2024-03-07,2024-04-28,2027-04-28,44871.0,52,93,496
497,835,2019-07-27,2019-11-13,2023-11-13,56191.0,367,200,497
498,107,2020-08-14,2020-10-02,2025-10-02,41114.0,349,319,498
499,543,2024-03-19,2024-05-22,2027-05-22,54561.0,408,867,499
500,167,2019-08-21,2019-10-07,2023-10-07,54020.0,821,731,500
501,338,2024-04-04,2024-06-20,2026-06-20,60123.0,88,84,501
502,162,2022-04-08,2022-06-30,2026-06-30,53631.0,747,113,502
503,787,2021-10-04,2022-01-13,2024-01-13,48731.0,216,372,503
504,322,2023-10-13,2023-12-12,2025-12-12,15111.0,684,146,504
505,804,2024-04-07,2024-08-03,2027-08-03,18973.0,793,499,505
506,756,2024-05-21,2024-07-30,2026-07-30,42973.0,701,502,506
507,933,2020-03-17,2020-05-02,2024-05-02,61128.0,978,572,507
508,69,2022-07-30,2022-09-25,2025-09-25,28536.0,530,68,508
509,863,2022-05-27,2022-07-08,2025-07-08,31677.0,60,583,509
510,251,2021-12-24,2022-01-25,2027-01-25,41528.0,334,622,510
511,82,2022-10-19,2023-01-21,2026-01-21,28160.0,36,347,511
512,206,2019-09-08,2019-12-18,2021-12-18,35260.0,751,674,512
513,111,2019-09-01,2019-12-15,2022-12-15,67450.0,985,888,513
514,792,2020-07-19,2020-09-13,2022-09-13,15624.0,507,683,514
515,852,2023-06-06,2023-10-06,2024-10-06,37722.0,622,691,515
516,194,2019-06-27,2019-08-06,2024-08-06,69012.0,779,419,516
517,732,2020-11-29,2021-01-20,2026-01-20,50226.0,244,416,517
518,101,2023-02-13,2023-04-15,2028-04-15,43700.0,682,429,518
519,751,2023-03-13,2023-05-31,2024-05-31,31228.0,889,101,519
520,630,2022-12-19,2023-04-16,2028-04-16,15202.0,159,337,520
521,973,2023-11-20,2024-03-15,2025-03-15,48341.0,261,315,521
522,750,2024-03-25,2024-06-14,2025-06-14,61408.0,401,76,522
523,318,2019-11-14,2020-02-29,2024-02-29,50762.0,24,171,523
524,980,2019-11-10,2019-12-24,2021-12-24,41272.0,483,525,524
525,62,2022-01-12,2022-05-08,2023-05-08,31365.0,626,371,525
526,57,2023-12-30,2024-03-25,2026-03-25,51530.0,94,598,526
527,692,2019-12-19,2020-03-28,2022-03-28,39674.0,819,147,527
528,360,2019-09-21,2020-01-09,2023-01-09,26860.0,687,849,528
529,434,2021-01-27,2021-03-09,2026-03-09,61399.0,580,719,529
530,984,2021-05-10,2021-06-30,2023-06-30,28808.0,783,178,530
531,611,2023-04-30,2023-08-22,2027-08-22,36676.0,395,963,531
532,93,2023-01-22,2023-04-15,2027-04-15,58745.0,392,297,532
533,848,2023-06-20,2023-10-14,2025-10-14,37422.0,826,790,533
534,221,2023-06-09,2023-09-10,2025-09-10,19177.0,565,684,534
535,29,2023-09-18,2023-11-25,2027-11-25,36826.0,504,889,535
536,779,2022-03-30,2022-07-03,2024-07-03,47233.0,981,431,536
537,743,2022-10-15,2022-12-07,2023-12-07,31742.0,491,262,537
538,394,2019-04-14,2019-06-01,2021-06-01,,455,476,538
539,75,2023-12-18,2024-02-27,2025-02-27,18797.0,976,237,539
540,963,2023-08-17,2023-10-24,2025-10-24,72099.0,824,116,540
541,450,2021-01-14,2021-03-09,2025-03-09,20376.0,286,859,541
542,982,2023-02-24,2023-05-28,2027-05-28,69115.0,360,250,542
543,124,2021-07-24,2021-10-13,2022-10-13,27569.0,5,111,543
544,821,2019-09-19,2019-11-21,2023-11-21,63408.0,403,251,544
545,834,2020-11-16,2021-03-13,2023-03-13,40635.0,139,211,545
546,541,2021-03-22,2021-06-15,2026-06-15,,129,314,546
547,645,2024-06-09,2024-08-13,2027-08-13,40702.0,498,868,547
548,569,2019-09-03,2019-12-05,2020-12-05,58121.0,433,865,548
549,953,2020-01-29,2020-05-19,2025-05-19,48522.0,307,34,549
550,278,2023-11-11,2024-02-29,2026-02-28,29497.0,926,473,550
551,170,2022-04-04,2022-06-17,2023-06-17,26977.0,899,769,551
552,842,2020-10-12,2020-11-18,2021-11-18,56034.0,26,224,552
553,985,2024-03-09,2024-05-04,2029-05-04,37354.0,551,479,553
554,250,2021-12-10,2022-02-14,2027-02-14,48326.0,270,508,554
555,454,2024-02-21,2024-04-13,2027-04-13,43995.0,114,121,555
556,443,2023-08-15,2023-10-05,2025-10-05,39084.0,272,648,556
557,638,2021-06-20,2021-09-25,2024-09-25,29671.0,927,627,557
558,65,2019-03-29,2019-06-03,2021-06-03,,265,291,558
559,896,2021-03-13,2021-07-08,2024-07-08,51503.0,881,277,559
560,576,2020-02-29,2020-04-05,2023-04-05,22230.0,350,595,560
561,73,2022-11-13,2023-02-06,2027-02-06,58344.0,594,605,561
562,379,2021-06-30,2021-08-15,2026-08-15,15656.0,460,725,562
563,134,2022-06-13,2022-09-09,2025-09-09,,497,51,563
564,209,2021-06-08,2021-10-05,2024-10-05,33499.0,864,177,564
565,94,2020-09-22,2020-11-04,2021-11-04,66616.0,97,467,565
566,203,2019-09-28,2019-11-09,2020-11-09,24691.0,896,770,566
567,666,2022-03-19,2022-05-09,2025-05-09,60312.0,972,300,567
568,140,2023-01-14,2023-02-28,2024-02-28,54294.0,801,739,568
569,679,2021-05-30,2021-07-24,2023-07-24,58999.0,310,358,569
570,636,2024-03-19,2024-05-03,2025-05-03,36467.0,611,453,570
571,196,2022-04-13,2022-08-09,2027-08-09,23485.0,145,221,571
572,988,2021-08-30,2021-10-23,2026-10-23,51304.0,330,756,572
573,199,2020-09-25,2020-12-23,2025-12-23,37616.0,919,154,573
574,126,2024-04-20,2024-07-26,2026-07-26,38664.0,737,47,574
575,315,2023-11-12,2024-02-05,2028-02-05,73462.0,96,754,575
576,342,2021-09-12,2022-01-10,2025-01-10,21245.0,222,560,576
577,997,2023-03-30,2023-06-20,2025-06-20,30639.0,108,863,577
578,868,2023-08-11,2023-09-30,2024-09-30,70781.0,629,864,578
579,838,2020-07-31,2020-09-10,2021-09-10,16222.0,11,241,579
580,875,2019-10-20,2020-01-09,2022-01-09,44487.0,815,46,580
581,76,2020-06-22,2020-10-07,2022-10-07,60322.0,929,510,581
582,781,2019-08-11,2019-10-22,2024-10-22,56728.0,382,442,582
583,627,2021-10-17,2022-01-13,2024-01-13,35064.0,137,829,583
584,451,2023-08-16,2023-10-31,2025-10-31,52257.0,410,565,584
585,923,2024-05-11,2024-06-20,2029-06-20,22852.0,986,721,585
586,372,2023-07-25,2023-10-09,2024-10-09,26981.0,474,55,586
587,805,2021-08-18,2021-11-05,2025-11-05,72656.0,612,959,587
588,866,2020-09-10,2020-12-19,2023-12-19,60498.0,511,324,588
589,494,2024-04-23,2024-08-16,2025-08-16,71272.0,172,70,589
590,241,2024-02-09,2024-04-07,2027-04-07,33823.0,975,553,590
591,333,2022-11-11,2022-12-19,2024-12-19,58959.0,757,689,591
592,568,2020-06-04,2020-07-05,2021-07-05,71811.0,851,446,592
593,474,2020-05-19,2020-07-10,2022-07-10,65518.0,658,910,593
594,542,2020-07-08,2020-09-07,2025-09-07,35452.0,702,21,594
595,606,2019-07-04,2019-10-21,2020-10-21,57294.0,513,860,595
596,437,2023-05-02,2023-07-14,2025-07-14,47813.0,43,704,596
597,827,2023-12-05,2024-03-03,2025-03-03,60989.0,609,434,597
598,712,2020-01-08,2020-02-22,2024-02-22,33139.0,759,305,598
599,738,2020-09-14,2020-10-15,2023-10-15,47314.0,53,950,599
600,862,2022-06-20,2022-08-01,2024-08-01,44273.0,407,461,600
601,681,2022-01-24,2022-02-26,2023-02-26,73317.0,925,261,601
602,514,2019-09-21,2019-11-27,2023-11-27,50739.0,442,345,602
603,574,2020-07-10,2020-09-30,2023-09-30,64474.0,300,822,603
604,326,2023-02-28,2023-05-08,2025-05-08,48458.0,469,578,604
605,766,2022-09-13,2022-11-10,2027-11-10,23813.0,44,637,605
606,995,2021-01-12,2021-02-26,2025-02-26,27183.0,704,810,606
607,839,2021-02-22,2021-04-08,2022-04-08,37662.0,827,936,607
608,580,2021-02-06,2021-04-16,2023-04-16,52645.0,558,132,608
609,591,2022-04-02,2022-06-09,2025-06-09,25389.0,388,258,609
610,448,2022-02-08,2022-04-02,2023-04-02,33245.0,211,965,610
611,990,2022-02-12,2022-06-02,2024-06-02,,535,488,611
612,208,2019-11-20,2020-03-17,2022-03-17,24312.0,326,352,612
613,470,2021-05-31,2021-08-14,2023-08-14,60431.0,144,130,613
614,336,2022-03-30,2022-06-26,2025-06-26,70925.0,988,679,614
615,348,2022-06-26,2022-10-13,2026-10-13,40723.0,39,513,615
616,56,2022-10-24,2023-01-26,2024-01-26,54587.0,435,460,616
617,440,2024-01-03,2024-02-21,2029-02-21,40115.0,796,740,617
618,41,2020-10-11,2020-11-25,2021-11-25,42630.0,82,616,618
619,540,2022-04-14,2022-06-24,2023-06-24,69843.0,576,915,619
620,571,2024-02-13,2024-04-04,2027-04-04,49524.0,746,768,620
621,599,2022-07-16,2022-09-03,2025-09-03,45045.0,533,985,621
622,459,2021-12-17,2022-02-18,2025-02-18,33493.0,671,882,622
623,797,2023-10-02,2023-11-09,2025-11-09,23978.0,605,886,623
624,161,2021-06-10,2021-09-14,2024-09-14,36036.0,90,623,624
625,538,2022-02-09,2022-05-13,2027-05-13,53092.0,376,223,625
626,850,2023-05-24,2023-07-30,2028-07-30,19171.0,436,395,626
627,108,2020-01-23,2020-02-26,2022-02-26,41583.0,343,66,627
628,19,2022-01-30,2022-04-01,2026-04-01,,764,509,628
629,39,2023-10-06,2024-01-14,2029-01-14,45696.0,339,773,629
630,169,2022-01-13,2022-04-30,2027-04-30,70469.0,744,418,630
631,919,2020-02-21,2020-04-17,2022-04-17,36803.0,167,149,631
632,79,2023-07-08,2023-11-04,2028-11-04,32102.0,308,994,632
633,74,2024-02-27,2024-06-07,2026-06-07,71160.0,25,747,633
634,411,2020-03-09,2020-06-02,2021-06-02,19616.0,243,36,634
635,256,2023-10-02,2024-01-13,2027-01-13,36423.0,633,71,635
636,785,2023-06-23,2023-09-28,2028-09-28,27670.0,510,458,636
637,709,2023-11-04,2024-01-06,2027-01-06,21343.0,357,450,637
638,456,2019-04-02,2019-05-03,2024-05-03,29881.0,918,632,638
639,660,2023-05-17,2023-07-08,2024-07-08,29494.0,411,893,639
640,888,2022-05-26,2022-09-14,2024-09-14,32810.0,690,340,640
641,292,2021-07-24,2021-10-03,2025-10-03,49757.0,907,6,641
642,24,2019-12-09,2020-03-19,2023-03-19,63383.0,994,207,642
643,290,2019-12-03,2020-03-19,2021-03-19,55573.0,263,726,643
644,960,2023-11-10,2024-02-02,2025-02-02,71070.0,909,187,644
645,428,2021-01-26,2021-04-04,2023-04-04,31283.0,765,299,645
646,201,2024-04-25,2024-06-20,2025-06-20,59961.0,987,831,646
647,265,2020-01-28,2020-05-26,2023-05-26,46194.0,908,69,647
648,736,2023-06-15,2023-08-02,2026-08-02,34087.0,915,607,648
649,187,2019-11-25,2019-12-30,2021-12-30,59916.0,677,966,649
650,675,2023-05-24,2023-07-17,2028-07-17,19127.0,691,842,650
651,466,2023-11-23,2024-02-24,2028-02-24,26796.0,235,226,651
652,855,2020-06-01,2020-08-24,2025-08-24,33476.0,960,707,652
653,42,2022-07-25,2022-09-22,2027-09-22,63647.0,353,832,653
654,223,2022-10-13,2023-01-16,2027-01-16,28644.0,42,137,654
655,555,2020-09-07,2021-01-01,2023-01-01,,281,38,655
656,913,2020-12-31,2021-02-22,2023-02-22,17546.0,531,838,656
657,142,2021-05-15,2021-08-29,2024-08-29,65523.0,239,958,657
658,858,2022-06-16,2022-07-28,2023-07-28,73180.0,32,129,658
659,302,2023-09-06,2023-11-03,2027-11-03,,774,732,659
660,698,2020-07-19,2020-08-29,2024-08-29,67938.0,992,644,660
661,219,2021-09-28,2021-12-02,2022-12-02,72315.0,68,942,661
662,436,2022-02-25,2022-05-15,2025-05-15,34541.0,134,528,662
663,309,2019-09-28,2019-12-14,2024-12-14,23345.0,640,436,663
664,103,2019-09-02,2019-12-23,2022-12-23,50861.0,971,967,664
665,648,2024-01-06,2024-03-13,2025-03-13,30126.0,111,122,665
666,373,2021-12-05,2022-03-20,2026-03-20,26694.0,409,227,666
667,339,2021-07-13,2021-08-17,2026-08-17,70886.0,218,360,667
668,584,2020-06-21,2020-09-14,2023-09-14,58132.0,248,647,668
669,463,2021-04-11,2021-07-03,2026-07-03,40587.0,266,228,669
670,164,2020-09-17,2020-12-12,2022-12-12,60973.0,914,183,670
671,518,2019-08-17,2019-11-05,2020-11-05,48117.0,282,497,671
672,442,2022-08-29,2022-10-22,2025-10-22,22605.0,151,88,672
673,663,2022-04-10,2022-06-01,2025-06-01,18121.0,525,10,673
674,320,2023-09-27,2023-12-10,2026-12-10,33140.0,955,142,674
675,898,2023-11-29,2024-03-17,2026-03-17,56054.0,688,650,675
676,122,2023-08-08,2023-09-14,2024-09-14,74763.0,838,53,676
677,759,2020-12-13,2021-02-16,2025-02-16,19693.0,305,585,677
678,790,2024-04-01,2024-06-28,2026-06-28,65633.0,149,537,678
679,546,2022-12-08,2023-01-30,2027-01-30,29736.0,346,125,679
680,770,2022-12-12,2023-04-01,2025-04-01,,299,980,680
681,254,2021-06-09,2021-08-09,2026-08-09,68880.0,99,919,681
682,573,2021-03-24,2021-07-17,2024-07-17,43105.0,446,152,682
683,119,2021-01-23,2021-04-22,2026-04-22,18085.0,775,984,683
684,746,2020-11-06,2020-12-30,2025-12-30,38906.0,546,65,684
685,551,2019-10-30,2020-01-22,2025-01-22,71052.0,805,759,685
686,678,2020-04-20,2020-08-17,2025-08-17,16865.0,666,374,686
687,885,2019-04-07,2019-06-24,2021-06-24,53117.0,290,552,687
688,793,2021-06-04,2021-07-07,2025-07-07,41423.0,195,713,688
689,462,2020-08-01,2020-09-20,2023-09-20,25323.0,85,344,689
690,722,2021-10-18,2021-11-24,2025-11-24,70219.0,532,523,690
691,989,2021-12-22,2022-02-23,2023-02-23,74005.0,451,519,691
692,589,2021-02-23,2021-03-28,2025-03-28,32823.0,964,271,692
693,430,2021-10-08,2021-11-19,2023-11-19,55710.0,208,110,693
694,395,2020-02-04,2020-04-13,2022-04-13,29815.0,380,666,694
695,153,2019-07-26,2019-09-06,2021-09-06,48204.0,749,190,695
696,775,2022-12-17,2023-02-28,2025-02-28,24092.0,264,977,696
697,757,2019-09-05,2019-12-10,2020-12-10,71662.0,231,134,697
698,429,2021-01-06,2021-04-10,2025-04-10,49227.0,399,350,698
699,205,2021-01-01,2021-04-02,2025-04-02,48599.0,35,490,699
700,935,2021-03-24,2021-06-18,2025-06-18,56710.0,160,253,700
701,255,2022-08-19,2022-10-02,2023-10-02,,418,856,701
702,523,2022-08-23,2022-10-04,2023-10-04,44274.0,64,641,702
703,210,2020-06-11,2020-09-04,2023-09-04,,940,748,703
704,248,2020-07-28,2020-11-09,2025-11-09,49067.0,430,524,704
705,972,2020-10-31,2020-12-01,2025-12-01,35776.0,154,543,705
706,930,2019-05-20,2019-08-11,2021-08-11,18108.0,38,230,706
707,754,2020-05-26,2020-08-17,2024-08-17,30937.0,700,853,707
708,118,2020-09-09,2020-10-26,2021-10-26,45917.0,541,891,708
709,810,2022-01-02,2022-03-05,2025-03-05,15705.0,492,238,709
710,274,2020-09-01,2020-10-15,2022-10-15,31078.0,593,807,710
711,956,2023-03-20,2023-05-23,2027-05-23,69094.0,706,329,711
712,908,2023-07-07,2023-10-05,2027-10-05,73828.0,283,4,712
713,78,2022-10-08,2022-11-26,2025-11-26,71379.0,320,184,713
714,927,2021-02-16,2021-06-14,2024-06-14,24705.0,807,85,714
715,723,2019-07-07,2019-11-04,2021-11-04,45432.0,784,792,715
716,994,2022-12-02,2023-02-01,2025-02-01,21843.0,995,541,716
717,603,2022-11-02,2022-12-15,2024-12-15,44135.0,214,939,717
718,282,2019-12-14,2020-02-18,2023-02-18,45234.0,524,914,718
719,583,2021-09-20,2021-10-30,2024-10-30,72993.0,548,931,719
720,2,2020-02-29,2020-04-06,2022-04-06,47826.0,738,911,720
721,297,2020-06-08,2020-08-08,2021-08-08,15878.0,337,225,721
722,332,2022-01-08,2022-04-28,2026-04-28,18360.0,412,546,722
723,301,2019-10-28,2019-12-13,2024-12-13,20746.0,515,604,723
724,481,2023-08-10,2023-10-18,2028-10-18,31212.0,21,304,724
725,489,2019-10-25,2019-12-12,2021-12-12,24780.0,667,240,725
726,432,2020-10-21,2020-11-29,2022-11-29,31664.0,143,457,726
727,38,2022-01-02,2022-02-03,2025-02-03,19274.0,901,367,727
728,899,2024-03-17,2024-05-31,2028-05-31,39111.0,712,140,728
729,878,2020-07-04,2020-08-20,2023-08-20,63893.0,876,356,729
730,133,2020-02-29,2020-04-15,2025-04-15,37301.0,467,786,730
731,247,2020-12-01,2021-03-02,2026-03-02,74771.0,830,542,731
732,286,2020-03-22,2020-05-27,2025-05-27,32060.0,780,871,732
733,25,2021-06-04,2021-08-21,2022-08-21,34416.0,555,60,733
734,10,2022-08-16,2022-10-07,2027-10-07,49877.0,297,895,734
735,851,2022-08-16,2022-11-20,2025-11-20,37006.0,413,471,735
736,369,2023-09-16,2023-11-16,2025-11-16,48225.0,482,686,736
737,511,2021-04-27,2021-06-30,2023-06-30,66821.0,479,197,737
738,310,2019-06-19,2019-09-20,2022-09-20,19797.0,494,812,738
739,26,2024-01-01,2024-02-23,2027-02-23,65414.0,887,43,739
740,51,2023-08-05,2023-10-08,2025-10-08,43459.0,620,366,740
741,174,2020-07-23,2020-08-30,2021-08-30,71239.0,858,655,741
742,414,2023-09-26,2023-11-23,2027-11-23,43161.0,303,428,742
743,27,2022-09-14,2022-12-24,2026-12-24,30926.0,306,91,743
744,346,2023-11-15,2023-12-30,2026-12-30,70536.0,178,67,744
745,532,2020-07-03,2020-08-06,2021-08-06,,385,777,745
746,308,2022-06-22,2022-09-03,2027-09-03,50997.0,284,422,746
747,280,2024-05-20,2024-09-03,2025-09-03,40307.0,903,841,747
748,364,2022-10-13,2022-12-29,2027-12-29,61765.0,62,246,748
749,192,2023-08-23,2023-11-15,2028-11-15,32671.0,956,826,749
750,661,2022-01-13,2022-04-07,2023-04-07,16461.0,387,584,750
751,399,2023-09-24,2023-12-09,2025-12-09,68274.0,95,670,751
752,534,2019-10-11,2019-12-02,2020-12-02,,832,212,752
753,853,2023-01-10,2023-05-03,2024-05-03,72888.0,748,82,753
754,23,2022-01-13,2022-05-07,2023-05-07,22931.0,30,322,754
755,264,2020-01-30,2020-03-16,2022-03-16,29159.0,592,518,755
756,319,2020-04-06,2020-07-27,2025-07-27,64431.0,791,14,756
757,317,2023-06-15,2023-09-08,2028-09-08,69846.0,199,945,757
758,987,2022-06-22,2022-10-17,2025-10-17,74460.0,946,559,758
759,335,2021-05-15,2021-06-20,2024-06-20,62467.0,745,567,759
760,981,2023-10-03,2023-12-26,2024-12-26,43656.0,396,491,760
761,729,2020-04-10,2020-07-12,2021-07-12,21034.0,473,273,761
762,257,2020-10-25,2020-12-05,2021-12-05,17015.0,156,326,762
763,707,2021-04-23,2021-07-06,2026-07-06,66027.0,540,720,763
764,220,2023-02-12,2023-05-23,2026-05-23,15958.0,917,577,764
765,889,2022-07-07,2022-08-11,2023-08-11,39476.0,71,975,765
766,986,2021-02-13,2021-04-14,2022-04-14,56784.0,203,833,766
767,719,2022-03-03,2022-06-20,2023-06-20,20014.0,863,978,767
768,829,2023-06-09,2023-09-23,2027-09-23,48781.0,340,892,768
769,125,2019-07-18,2019-09-19,2024-09-19,,931,772,769
770,968,2023-11-03,2024-02-11,2028-02-11,61554.0,589,489,770
771,979,2019-07-01,2019-08-31,2022-08-31,,619,767,771
772,96,2022-09-03,2022-11-28,2027-11-28,,885,765,772
773,624,2023-05-15,2023-07-02,2026-07-02,30076.0,65,582,773
774,137,2021-01-10,2021-05-06,2023-05-06,52614.0,538,252,774
775,295,2024-04-03,2024-07-25,2027-07-25,24388.0,810,852,775
776,904,2020-06-10,2020-10-04,2025-10-04,41114.0,215,294,776
777,409,2019-09-29,2019-12-25,2023-12-25,,463,935,777
778,316,2019-08-28,2019-10-15,2024-10-15,16760.0,4,235,778
779,498,2024-02-15,2024-04-07,2029-04-07,72198.0,777,954,779
780,291,2023-07-16,2023-09-29,2026-09-29,34555.0,847,932,780
781,249,2020-09-25,2020-12-16,2022-12-16,52300.0,400,155,781
782,385,2022-05-13,2022-07-14,2023-07-14,,514,438,782
783,375,2023-04-03,2023-05-13,2028-05-13,20888.0,432,239,783
784,269,2022-02-13,2022-05-05,2024-05-05,55960.0,406,736,784
785,685,2024-04-19,2024-08-05,2027-08-05,,862,426,785
786,873,2021-11-08,2021-12-12,2023-12-12,44661.0,141,921,786
787,270,2023-12-13,2024-02-29,2029-02-28,22076.0,714,676,787
788,892,2022-11-07,2023-02-21,2024-02-21,26283.0,45,13,788
789,332,2022-03-08,2022-04-26,2024-04-26,43941.0,185,581,789
790,886,2023-08-13,2023-11-18,2026-11-18,21210.0,76,624,790
791,774,2021-09-26,2022-01-05,2025-01-05,25159.0,814,448,791
792,750,2024-02-25,2024-06-16,2028-06-16,45980.0,731,901,792
793,903,2021-08-10,2021-10-17,2024-10-17,52034.0,238,63,793
794,721,2024-05-19,2024-08-02,2027-08-02,63227.0,935,243,794
795,749,2023-02-20,2023-04-03,2025-04-03,68966.0,938,649,795
796,186,2022-06-25,2022-08-25,2027-08-25,22547.0,88,556,796
797,403,2022-06-19,2022-08-22,2026-08-22,39080.0,785,90,797
798,451,2023-08-16,2023-10-19,2027-10-19,32956.0,965,643,798
799,796,2021-08-28,2021-10-23,2026-10-23,58638.0,896,50,799
800,70,2021-08-06,2021-12-01,2026-12-01,44773.0,493,772,800
801,518,2019-10-17,2020-01-28,2021-01-28,47401.0,117,924,801
802,824,2021-04-14,2021-06-15,2025-06-15,19020.0,987,636,802
803,882,2021-11-15,2022-02-06,2025-02-06,19540.0,134,557,803
804,350,2022-07-17,2022-08-20,2026-08-20,18058.0,112,386,804
805,22,2022-08-07,2022-09-25,2026-09-25,30921.0,950,42,805
806,157,2021-05-12,2021-06-29,2022-06-29,17719.0,494,781,806
807,916,2020-01-26,2020-02-29,2025-02-28,19617.0,561,920,807
808,20,2020-01-21,2020-02-29,2024-02-29,27675.0,644,300,808
809,159,2022-01-21,2022-04-09,2024-04-09,,210,607,809
810,840,2019-07-31,2019-09-15,2020-09-15,70402.0,370,163,810
811,509,2020-03-02,2020-05-29,2023-05-29,,531,899,811
812,205,2021-02-01,2021-05-10,2026-05-10,56353.0,297,925,812
813,93,2023-02-22,2023-06-11,2026-06-11,35798.0,173,144,813
814,299,2023-01-15,2023-03-10,2025-03-10,35990.0,222,996,814
815,791,2023-12-18,2024-02-02,2027-02-02,42304.0,832,321,815
816,540,2022-01-14,2022-04-19,2025-04-19,65570.0,266,654,816
817,49,2022-01-30,2022-03-08,2025-03-08,21504.0,495,150,817
818,281,2022-12-03,2023-03-20,2027-03-20,69992.0,163,884,818
819,60,2023-05-25,2023-08-27,2025-08-27,21074.0,889,17,819
820,308,2022-09-22,2022-12-18,2026-12-18,50306.0,883,744,820
821,807,2022-01-22,2022-02-28,2027-02-28,18711.0,311,878,821
822,58,2021-09-04,2021-12-21,2022-12-21,67385.0,515,684,822
823,850,2023-03-24,2023-06-07,2028-06-07,43209.0,143,318,823
824,924,2020-01-21,2020-03-10,2022-03-10,21965.0,484,291,824
825,344,2021-02-10,2021-04-03,2023-04-03,41356.0,86,167,825
826,484,2024-01-07,2024-03-17,2027-03-17,54020.0,654,351,826
827,602,2023-07-11,2023-09-22,2028-09-22,50629.0,33,454,827
828,545,2023-09-15,2023-11-30,2025-11-30,55951.0,892,465,828
829,307,2021-03-26,2021-07-17,2023-07-17,71454.0,509,246,829
830,460,2023-09-19,2023-12-02,2024-12-02,17943.0,325,837,830
831,758,2022-06-16,2022-09-23,2027-09-23,41512.0,386,440,831
832,516,2020-08-22,2020-11-20,2025-11-20,61795.0,792,142,832
833,920,2020-01-21,2020-02-29,2021-02-28,23958.0,653,644,833
834,784,2020-04-07,2020-06-30,2025-06-30,36871.0,581,123,834
835,291,2023-05-16,2023-07-08,2027-07-08,40714.0,738,535,835
836,770,2022-10-12,2022-11-18,2023-11-18,63388.0,880,232,836
837,740,2020-11-21,2021-02-15,2026-02-15,50588.0,916,231,837
838,385,2022-05-13,2022-08-06,2024-08-06,26559.0,482,768,838
839,19,2022-02-28,2022-06-28,2026-06-28,29130.0,988,374,839
840,581,2020-02-08,2020-05-20,2023-05-20,44341.0,652,296,840
841,735,2020-11-12,2021-02-02,2024-02-02,73758.0,448,928,841
842,394,2019-07-14,2019-11-01,2022-11-01,56908.0,982,742,842
843,555,2020-07-07,2020-08-18,2024-08-18,49127.0,476,171,843
844,679,2021-04-30,2021-07-09,2023-07-09,19444.0,831,21,844
845,895,2022-10-26,2023-01-09,2026-01-09,60992.0,506,688,845
846,333,2022-09-11,2022-10-15,2026-10-15,43322.0,724,854,846
847,643,2024-02-04,2024-04-07,2028-04-07,49211.0,621,814,847
848,564,2023-06-03,2023-09-28,2028-09-28,45859.0,81,676,848
849,195,2020-11-14,2021-01-11,2025-01-11,65969.0,94,808,849
850,767,2020-09-06,2020-11-30,2024-11-30,39406.0,776,410,850
851,803,2020-05-26,2020-08-21,2021-08-21,74085.0,422,435,851
852,742,2023-09-03,2023-11-16,2027-11-16,,273,47,852
853,949,2024-03-05,2024-04-12,2025-04-12,21489.0,213,825,853
854,101,2023-02-13,2023-04-07,2028-04-07,48230.0,669,496,854
855,867,2022-10-18,2023-02-13,2026-02-13,69316.0,745,65,855
856,845,2022-12-22,2023-04-16,2024-04-16,65506.0,742,41,856
857,684,2020-01-24,2020-02-27,2025-02-27,34930.0,851,604,857
858,341,2023-03-27,2023-07-24,2024-07-24,66532.0,811,278,858
859,985,2024-01-09,2024-04-04,2028-04-04,31902.0,854,946,859
860,885,2019-04-07,2019-07-03,2022-07-03,26858.0,341,215,860
861,52,2022-10-01,2022-12-26,2024-12-26,24453.0,986,717,861
862,812,2022-05-02,2022-08-03,2025-08-03,66059.0,937,646,862
863,209,2021-10-08,2022-01-20,2027-01-20,44950.0,440,572,863
864,14,2020-11-10,2021-01-19,2025-01-19,27509.0,474,84,864
865,606,2019-08-04,2019-11-16,2022-11-16,69715.0,229,875,865
866,115,2019-07-25,2019-11-06,2024-11-06,21477.0,9,909,866
867,3,2022-05-29,2022-07-27,2027-07-27,41070.0,684,139,867
868,476,2022-12-04,2023-01-29,2027-01-29,44705.0,50,468,868
869,719,2022-04-03,2022-05-14,2023-05-14,61605.0,709,427,869
870,542,2020-07-08,2020-09-05,2024-09-05,47181.0,773,610,870
871,860,2024-01-04,2024-02-15,2026-02-15,53581.0,237,901,871
872,927,2021-03-16,2021-07-01,2023-07-01,41051.0,540,791,872
873,986,2021-01-13,2021-03-31,2026-03-31,31738.0,49,601,873
874,478,2021-04-07,2021-06-28,2025-06-28,68513.0,961,738,874
875,224,2020-03-25,2020-07-07,2022-07-07,56349.0,100,519,875
876,407,2020-07-20,2020-10-23,2024-10-23,36466.0,809,289,876
877,255,2022-09-19,2022-12-27,2025-12-27,58689.0,396,219,877
878,610,2021-04-30,2021-08-06,2026-08-06,45495.0,650,608,878
879,926,2023-05-11,2023-08-09,2024-08-09,42996.0,179,760,879
880,837,2022-06-10,2022-10-10,2025-10-10,,156,891,880
881,522,2024-01-05,2024-03-22,2029-03-22,53800.0,333,52,881
882,960,2023-09-10,2023-11-14,2026-11-14,51259.0,771,326,882
883,641,2021-10-28,2022-02-03,2025-02-03,31190.0,700,741,883
884,532,2020-06-03,2020-08-22,2023-08-22,44468.0,280,118,884
885,206,2019-12-08,2020-01-18,2022-01-18,37874.0,124,405,885
886,297,2020-09-08,2020-10-10,2024-10-10,33178.0,674,501,886
887,944,2022-07-11,2022-10-20,2024-10-20,41289.0,317,54,887
888,388,2023-02-08,2023-04-26,2025-04-26,41718.0,627,259,888
889,906,2019-10-12,2020-01-17,2025-01-17,49506.0,822,721,889
890,881,2020-08-20,2020-11-05,2021-11-05,54188.0,557,895,890
891,739,2024-03-29,2024-05-24,2028-05-24,53314.0,275,679,891
892,95,2019-10-08,2019-12-17,2021-12-17,31801.0,290,774,892
893,240,2021-03-26,2021-07-12,2022-07-12,32015.0,925,982,893
894,691,2020-02-08,2020-03-17,2024-03-17,55091.0,598,189,894
895,34,2021-10-22,2022-01-03,2027-01-03,49800.0,528,806,895
896,720,2021-06-21,2021-09-30,2025-09-30,68640.0,527,147,896
897,619,2021-05-04,2021-07-13,2026-07-13,40786.0,946,255,897
898,443,2023-05-15,2023-08-28,2028-08-28,48674.0,676,324,898
899,436,2022-01-25,2022-03-28,2024-03-28,20036.0,166,992,899
900,356,2023-04-30,2023-08-01,2028-08-01,61647.0,146,859,900
901,13,2021-05-27,2021-07-08,2023-07-08,39778.0,882,956,901
902,669,2019-07-15,2019-11-10,2024-11-10,25556.0,901,379,902
903,179,2023-09-12,2023-10-13,2025-10-13,43353.0,978,160,903
904,44,2020-08-27,2020-10-05,2022-10-05,35676.0,283,78,904
905,401,2022-01-30,2022-04-03,2026-04-03,51005.0,596,596,905
906,125,2019-09-18,2019-12-18,2022-12-18,56242.0,114,221,906
907,866,2020-09-10,2020-12-29,2024-12-29,,394,487,907
908,213,2020-09-04,2020-11-15,2023-11-15,45277.0,84,258,908
909,24,2020-01-09,2020-05-01,2024-05-01,37255.0,895,225,909
910,640,2019-11-10,2020-01-26,2022-01-26,,750,332,910
911,425,2021-02-20,2021-04-23,2024-04-23,47144.0,855,965,911
912,490,2021-04-13,2021-07-28,2023-07-28,,221,304,912
913,688,2020-03-06,2020-05-29,2024-05-29,36174.0,136,749,913
914,334,2020-04-21,2020-06-15,2021-06-15,,26,257,914
915,743,2022-11-15,2023-01-01,2024-01-01,18978.0,997,656,915
916,25,2021-08-04,2021-10-13,2025-10-13,59586.0,278,631,916
917,661,2022-03-13,2022-05-24,2023-05-24,19783.0,613,516,917
918,664,2023-08-02,2023-11-19,2024-11-19,39510.0,343,794,918
919,967,2019-12-12,2020-01-14,2024-01-14,37217.0,514,916,919
920,239,2022-11-13,2023-03-10,2028-03-10,60013.0,380,522,920
921,805,2021-06-18,2021-08-22,2025-08-22,58786.0,579,940,921
922,298,2023-06-21,2023-10-14,2028-10-14,41535.0,587,136,922
923,54,2024-02-26,2024-05-03,2027-05-03,39578.0,219,344,923
924,738,2020-11-14,2021-01-26,2024-01-26,73790.0,974,627,924
925,147,2019-08-12,2019-11-04,2024-11-04,74346.0,268,449,925
926,64,2020-08-24,2020-09-29,2022-09-29,,491,368,926
927,472,2020-07-09,2020-11-05,2025-11-05,44641.0,309,703,927
928,73,2022-08-13,2022-09-24,2027-09-24,52967.0,658,252,928
929,378,2020-01-15,2020-03-01,2025-03-01,44828.0,825,651,929
930,724,2019-12-08,2020-03-26,2022-03-26,51184.0,649,645,930
931,86,2021-09-17,2021-12-14,2025-12-14,17568.0,8,429,931
932,275,2020-05-09,2020-09-06,2022-09-06,56480.0,802,495,932
933,872,2020-06-08,2020-09-14,2022-09-14,44458.0,501,222,933
934,618,2021-05-02,2021-06-17,2026-06-17,,624,458,934
935,466,2023-12-23,2024-02-29,2025-02-28,18694.0,40,53,935
936,170,2022-02-04,2022-05-07,2027-05-07,36597.0,600,959,936
937,563,2023-05-28,2023-08-09,2026-08-09,60886.0,337,404,937
938,884,2020-07-17,2020-11-02,2024-11-02,38723.0,155,76,938
939,565,2021-07-24,2021-09-07,2023-09-07,59295.0,775,757,939
940,261,2023-05-18,2023-07-19,2027-07-19,27201.0,510,93,940
941,817,2019-10-18,2019-11-30,2023-11-30,60877.0,707,122,941
942,879,2023-06-17,2023-09-29,2026-09-29,61817.0,469,124,942
943,878,2020-08-04,2020-11-16,2021-11-16,45698.0,313,915,943
944,975,2023-03-01,2023-04-02,2025-04-02,40566.0,623,586,944
945,475,2022-09-10,2022-11-03,2027-11-03,67488.0,647,563,945
946,79,2023-07-08,2023-08-21,2026-08-21,51777.0,345,829,946
947,513,2020-11-16,2021-03-01,2026-03-01,38078.0,240,358,947
948,481,2023-10-10,2024-01-30,2027-01-30,15106.0,463,208,948
949,831,2024-02-01,2024-03-24,2028-03-24,,281,269,949
950,918,2023-06-10,2023-08-01,2024-08-01,15349.0,211,68,950
951,377,2023-09-28,2023-12-04,2025-12-04,20808.0,610,448,951
952,541,2021-01-22,2021-04-20,2025-04-20,,14,484,952
953,384,2021-09-08,2021-11-16,2024-11-16,40082.0,555,1,953
954,339,2021-09-13,2021-11-22,2023-11-22,,174,284,954
955,215,2022-01-01,2022-02-09,2026-02-09,,252,870,955
956,854,2021-09-04,2021-10-16,2025-10-16,63005.0,55,264,956
957,932,2020-05-29,2020-08-25,2025-08-25,42082.0,864,156,957
958,642,2020-01-29,2020-04-18,2025-04-18,59087.0,119,73,958
959,168,2023-03-26,2023-07-13,2025-07-13,16856.0,963,97,959
960,828,2023-05-21,2023-08-04,2025-08-04,50295.0,65,88,960
961,855,2020-04-01,2020-07-30,2022-07-30,,31,13,961
962,657,2022-03-01,2022-04-18,2026-04-18,64042.0,265,504,962
963,321,2023-08-09,2023-11-27,2025-11-27,23411.0,403,105,963
964,809,2022-07-09,2022-08-10,2024-08-10,20943.0,126,315,964
965,210,2020-06-11,2020-08-03,2023-08-03,31777.0,786,32,965
966,599,2022-05-16,2022-08-29,2023-08-29,72855.0,376,869,966
967,939,2023-01-14,2023-04-07,2027-04-07,43475.0,735,695,967
968,10,2022-06-16,2022-08-01,2025-08-01,61873.0,779,474,968
969,616,2020-10-14,2021-01-13,2025-01-13,40111.0,718,201,969
970,698,2020-05-19,2020-08-21,2023-08-21,16139.0,818,334,970
971,841,2023-08-14,2023-11-22,2027-11-22,39713.0,956,203,971
972,512,2022-08-13,2022-11-07,2024-11-07,38243.0,467,990,972
973,596,2021-12-05,2022-03-17,2023-03-17,25073.0,939,838,973
974,329,2024-02-25,2024-06-03,2027-06-03,47533.0,170,716,974
975,771,2023-08-10,2023-11-24,2027-11-24,55384.0,274,305,975
976,753,2022-01-12,2022-03-20,2027-03-20,19869.0,162,452,976
977,573,2021-02-24,2021-06-06,2024-06-06,39123.0,641,957,977
978,917,2021-07-23,2021-08-27,2022-08-27,31325.0,655,307,978
979,795,2020-06-30,2020-08-26,2022-08-26,65192.0,606,271,979
980,467,2021-01-28,2021-05-01,2025-05-01,62065.0,414,453,980
981,590,2020-10-03,2021-01-15,2026-01-15,58197.0,820,574,981
982,1,2022-09-20,2022-11-16,2025-11-16,56362.0,113,354,982
983,226,2019-07-09,2019-10-14,2023-10-14,16009.0,933,66,983
984,50,2022-08-05,2022-11-03,2023-11-03,35120.0,526,428,984
985,900,2021-07-30,2021-09-25,2022-09-25,55757.0,460,553,985
986,626,2023-01-06,2023-02-08,2024-02-08,59288.0,648,511,986
987,194,2019-09-27,2019-11-29,2020-11-29,69049.0,523,853,987
988,379,2021-06-30,2021-10-06,2024-10-06,40284.0,764,451,988
989,235,2020-08-06,2020-10-30,2025-10-30,18563.0,891,432,989
990,128,2021-12-27,2022-03-28,2025-03-28,34077.0,673,571,990
991,354,2021-08-18,2021-11-30,2023-11-30,22166.0,789,191,991
992,91,2021-05-06,2021-08-22,2023-08-22,20170.0,239,692,992
993,629,2020-11-13,2021-01-04,2023-01-04,50931.0,390,1000,993
994,958,2024-04-16,2024-07-16,2026-07-16,67941.0,165,340,994
995,286,2020-05-22,2020-08-08,2023-08-08,44848.0,204,728,995
996,169,2022-02-13,2022-03-20,2025-03-20,28612.0,991,323,996
997,135,2019-12-07,2020-01-21,2025-01-21,,521,353,997
998,489,2019-10-25,2019-12-22,2020-12-22,58279.0,734,550,998
999,754,2020-08-26,2020-11-18,2024-11-18,21927.0,536,352,999
1000,539,2022-03-16,2022-04-23,2027-04-23,26143.0,807,202,1000
1001,1070,2025-01-04,2025-03-11,2029-03-11,25650.0,1175,1020,1001
1002,1047,2025-04-16,2025-06-01,2026-06-01,59932.0,1049,1099,1002
1003,1015,2024-09-16,2024-10-27,2028-10-27,73562.0,1058,1050,1003
1004,1053,2024-07-06,2024-10-18,2029-10-18,68344.0,1131,1169,1004
1005,1072,2024-06-14,2024-10-04,2025-10-04,54128.0,1027,1046,1005
1006,1183,2024-05-25,2024-09-01,2029-09-01,29212.0,1154,1145,1006
1007,1032,2024-05-08,2024-08-12,2027-08-12,44602.0,1198,1196,1007
1008,1101,2025-04-16,2025-06-04,2028-06-04,61769.0,1092,1067,1008
1009,1117,2025-01-05,2025-05-01,2027-05-01,57305.0,1003,1091,1009
1010,1132,2024-06-16,2024-10-13,2026-10-13,17372.0,1188,1049,1010
1011,1051,2025-03-02,2025-06-08,2029-06-08,57145.0,1137,1150,1011
1012,1168,2025-04-05,2025-07-22,2026-07-22,28067.0,1045,1126,1012
1013,1085,2024-04-22,2024-06-07,2025-06-07,66635.0,1149,1036,1013
1014,1121,2024-07-03,2024-08-06,2027-08-06,19376.0,1015,1084,1014
1015,1134,2025-04-22,2025-08-20,2027-08-20,33054.0,1121,1114,1015
1016,1186,2024-11-13,2025-02-10,2026-02-10,74295.0,1018,1146,1016
1017,1133,2025-01-03,2025-03-09,2028-03-09,20224.0,1039,1170,1017
1018,1174,2024-11-18,2025-01-01,2028-01-01,42113.0,1069,1006,1018
1019,1069,2024-11-17,2025-01-21,2026-01-21,56540.0,1009,1052,1019
1020,1079,2025-02-20,2025-04-22,2026-04-22,39324.0,1169,1090,1020
1021,1198,2024-11-17,2025-03-16,2030-03-16,24269.0,1173,1138,1021
1022,1007,2024-11-10,2025-01-16,2026-01-16,30795.0,1190,1007,1022
1023,1038,2024-09-25,2024-12-01,2028-12-01,54784.0,1135,1011,1023
1024,1115,2025-04-08,2025-05-11,2029-05-11,38074.0,1056,1129,1024
1025,1050,2025-01-02,2025-03-08,2028-03-08,55236.0,1197,1102,1025
1026,1035,2024-07-11,2024-11-08,2028-11-08,28319.0,1077,1154,1026
1027,1088,2024-12-18,2025-04-14,2027-04-14,38929.0,1047,1109,1027
1028,1013,2025-01-15,2025-04-05,2026-04-05,27956.0,1165,1189,1028
1029,1161,2024-11-04,2025-02-02,2027-02-02,17931.0,1096,1136,1029
1030,1006,2025-05-03,2025-07-30,2029-07-30,41448.0,1140,1017,1030
1031,1150,2024-04-15,2024-06-13,2025-06-13,32508.0,1144,1043,1031
1032,1081,2024-06-14,2024-08-02,2026-08-02,34816.0,1102,1190,1032
1033,1040,2024-08-26,2024-10-31,2026-10-31,,1090,1125,1033
1034,1182,2024-06-26,2024-10-24,2027-10-24,59262.0,1004,1083,1034
1035,1098,2025-04-16,2025-08-15,2027-08-15,70552.0,1028,1073,1035
1036,1185,2025-03-08,2025-07-05,2028-07-05,47176.0,1152,1096,1036
1037,1188,2024-05-20,2024-08-31,2025-08-31,39742.0,1176,1079,1037
1038,1024,2024-07-22,2024-09-14,2026-09-14,33121.0,1060,1142,1038
1039,1154,2024-10-07,2024-12-04,2028-12-04,19287.0,1035,1013,1039
1040,1066,2025-02-08,2025-04-27,2027-04-27,42580.0,1193,1194,1040
1041,1125,2024-08-11,2024-11-27,2028-11-27,18707.0,1158,1160,1041
1042,1054,2024-05-26,2024-09-24,2028-09-24,44898.0,1013,1054,1042
1043,1124,2024-11-22,2025-02-21,2029-02-21,24099.0,1120,1191,1043
1044,1109,2024-08-02,2024-10-07,2025-10-07,49666.0,1138,1185,1044
1045,1021,2025-01-24,2025-04-05,2030-04-05,38815.0,1151,1071,1045
1046,1194,2025-04-11,2025-06-19,2030-06-19,49261.0,1025,1016,1046
1047,1065,2024-10-22,2024-12-24,2029-12-24,,1034,1155,1047
1048,1122,2024-09-18,2025-01-18,2030-01-18,70029.0,1073,1023,1048
1049,1106,2024-07-30,2024-10-14,2027-10-14,56870.0,1160,1132,1049
1050,1093,2024-07-20,2024-08-21,2027-08-21,21681.0,1014,1001,1050
1051,1195,2024-11-22,2025-03-01,2028-03-01,,1091,1019,1051
1052,1016,2025-04-21,2025-05-27,2026-05-27,34352.0,1098,1048,1052
1053,1130,2024-05-20,2024-07-17,2025-07-17,18338.0,1088,1128,1053
1054,1163,2024-08-02,2024-10-25,2029-10-25,22695.0,1054,1140,1054
1055,1039,2024-06-03,2024-09-25,2028-09-25,52133.0,1129,1080,1055
1056,1019,2025-02-13,2025-06-10,2029-06-10,67335.0,1066,1148,1056
1057,1120,2024-11-12,2024-12-13,2025-12-13,42680.0,1182,1059,1057
1058,1114,2024-06-28,2024-09-02,2028-09-02,41738.0,1031,1076,1058
1059,1148,2024-06-02,2024-09-17,2025-09-17,15415.0,1089,1112,1059
1060,1135,2024-05-19,2024-08-24,2027-08-24,69618.0,1008,1097,1060
1061,1179,2025-02-11,2025-03-20,2028-03-20,54774.0,1007,1178,1061
1062,1156,2024-11-10,2025-02-28,2030-02-28,45973.0,1081,1008,1062
1063,1028,2024-06-30,2024-09-29,2029-09-29,15960.0,1171,1101,1063
1064,1143,2025-01-03,2025-04-11,2028-04-11,41716.0,1085,1063,1064
1065,1077,2024-11-01,2025-02-21,2030-02-21,37929.0,1021,1133,1065
1066,1144,2024-08-26,2024-11-17,2028-11-17,51251.0,1148,1077,1066
1067,1037,2025-05-28,2025-08-11,2026-08-11,18768.0,1048,1106,1067
1068,1129,2024-10-27,2025-01-07,2029-01-07,39729.0,1107,1131,1068
1069,1096,2024-10-07,2024-12-29,2025-12-29,18785.0,1055,1186,1069
1070,1153,2025-06-26,2025-09-20,2027-09-20,67907.0,1005,1173,1070
1071,1062,2025-05-26,2025-09-05,2026-09-05,,1112,1168,1071
1072,1142,2024-05-26,2024-08-25,2028-08-25,28387.0,1061,1164,1072
1073,1147,2025-02-14,2025-06-13,2027-06-13,,1080,1119,1073
1074,1136,2024-10-23,2024-12-18,2028-12-18,53609.0,1191,1037,1074
1075,1089,2025-01-14,2025-02-23,2027-02-23,30116.0,1064,1003,1075
1076,1184,2024-06-20,2024-09-23,2029-09-23,52638.0,1036,1184,1076
1077,1064,2025-02-25,2025-05-23,2028-05-23,53872.0,1180,1179,1077
1078,1083,2024-10-18,2024-12-17,2028-12-17,,1177,1180,1078
1079,1034,2024-07-09,2024-10-30,2029-10-30,25194.0,1136,1199,1079
1080,1197,2025-03-14,2025-06-08,2029-06-08,70839.0,1016,1018,1080
1081,1002,2025-01-25,2025-04-03,2030-04-03,44144.0,1166,1028,1081
1082,1018,2024-08-31,2024-11-06,2025-11-06,57531.0,1145,1082,1082
1083,1164,2025-03-09,2025-06-22,2029-06-22,72715.0,1062,1039,1083
1084,1191,2025-02-08,2025-05-02,2028-05-02,65390.0,1029,1005,1084
1085,1181,2024-08-29,2024-10-21,2029-10-21,18300.0,1011,1181,1085
1086,1049,2024-07-28,2024-11-20,2026-11-20,21338.0,1114,1070,1086
1087,1067,2024-12-03,2025-01-11,2029-01-11,30858.0,1079,1022,1087
1088,1138,2025-03-16,2025-07-09,2027-07-09,34536.0,1046,1042,1088
1089,1044,2024-08-18,2024-10-26,2026-10-26,62132.0,1026,1060,1089
1090,1175,2025-05-21,2025-09-13,2028-09-13,31135.0,1020,1100,1090
1091,1190,2025-01-04,2025-04-28,2029-04-28,73036.0,1078,1015,1091
1092,1080,2025-04-16,2025-07-24,2027-07-24,73820.0,1101,1044,1092
1093,1078,2024-07-08,2024-10-19,2025-10-19,,1200,1107,1093
1094,1055,2024-05-08,2024-07-18,2028-07-18,16906.0,1093,1108,1094
1095,1145,2025-05-09,2025-08-24,2029-08-24,23978.0,1059,1183,1095
1096,1086,2025-01-07,2025-02-15,2029-02-15,40284.0,1142,1118,1096
1097,1073,2024-12-09,2025-02-27,2027-02-27,39307.0,1001,1014,1097
1098,1005,2025-02-28,2025-06-28,2026-06-28,,1040,1110,1098
1099,1176,2024-10-16,2025-02-06,2026-02-06,31924.0,1074,1074,1099
1100,1126,2024-05-05,2024-06-21,2028-06-21,72940.0,1150,1127,1100
1101,1095,2024-11-26,2025-01-28,2029-01-28,59350.0,1063,1141,1101
1102,1033,2024-06-11,2024-08-16,2026-08-16,18244.0,1100,1188,1102
1103,1001,2024-07-17,2024-09-22,2026-09-22,59926.0,1178,1174,1103
1104,1173,2024-08-17,2024-09-22,2026-09-22,57300.0,1146,1193,1104
1105,1128,2024-10-09,2025-01-31,2029-01-31,63308.0,1155,1086,1105
1106,1017,2024-09-07,2024-12-16,2027-12-16,32624.0,1147,1192,1106
1107,1084,2024-04-04,2024-07-26,2028-07-26,74103.0,1118,1111,1107
1108,1090,2025-02-28,2025-06-30,2030-06-30,16745.0,1185,1057,1108
1109,1171,2024-06-01,2024-07-29,2028-07-29,23113.0,1084,1066,1109
1110,1099,2024-07-22,2024-08-28,2025-08-28,30253.0,1050,1041,1110
1111,1042,2024-10-12,2024-12-17,2029-12-17,,1159,1121,1111
1112,1076,2025-05-02,2025-07-20,2026-07-20,29083.0,1187,1161,1112
1113,1111,2025-02-23,2025-03-24,2028-03-24,35047.0,1143,1065,1113
1114,1082,2024-10-21,2024-12-26,2026-12-26,63598.0,1002,1152,1114
1115,1091,2025-06-26,2025-09-04,2030-09-04,73216.0,1044,1030,1115
1116,1152,2024-09-08,2024-10-10,2027-10-10,39621.0,1167,1069,1116
1117,1004,2025-05-09,2025-08-18,2028-08-18,61736.0,1109,1062,1117
1118,1087,2024-12-29,2025-02-13,2026-02-13,31609.0,1057,1035,1118
1119,1187,2025-05-06,2025-07-08,2029-07-08,50778.0,1157,1098,1119
1120,1023,2025-02-27,2025-04-11,2026-04-11,65403.0,1186,1085,1120
1121,1074,2024-05-06,2024-06-26,2027-06-26,42594.0,1103,1021,1121
1122,1052,2024-04-18,2024-05-24,2027-05-24,53859.0,1196,1088,1122
1123,1022,2024-05-02,2024-08-30,2025-08-30,39685.0,1086,1157,1123
1124,1011,2024-04-08,2024-08-06,2025-08-06,52198.0,1174,1064,1124
1125,1118,2024-10-27,2024-12-16,2027-12-16,40578.0,1122,1113,1125
1126,1031,2025-03-10,2025-05-29,2027-05-29,19340.0,1099,1124,1126
1127,1068,2025-02-18,2025-06-07,2030-06-07,66950.0,1087,1040,1127
1128,1056,2025-01-26,2025-03-05,2028-03-05,23576.0,1053,1175,1128
1129,1036,2025-01-07,2025-02-19,2026-02-19,33638.0,1094,1158,1129
1130,1112,2024-06-08,2024-10-08,2027-10-08,61013.0,1041,1047,1130
1131,1151,2024-10-14,2025-01-06,2026-01-06,62107.0,1110,1144,1131
1132,1071,2024-12-09,2025-03-19,2030-03-19,70936.0,1189,1156,1132
1133,1104,2025-03-07,2025-07-04,2028-07-04,25189.0,1067,1027,1133
1134,1102,2024-12-03,2025-02-06,2028-02-06,44858.0,1195,1026,1134
1135,1166,2024-11-19,2025-03-01,2027-03-01,74726.0,1163,1122,1135
1136,1160,2024-08-11,2024-10-19,2027-10-19,27844.0,1033,1068,1136
1137,1169,2024-07-24,2024-09-06,2026-09-06,44520.0,1183,1087,1137
1138,1057,2024-08-26,2024-11-27,2027-11-27,46091.0,1170,1123,1138
1139,1060,2025-03-14,2025-05-20,2030-05-20,31047.0,1194,1167,1139
1140,1075,2025-02-27,2025-05-17,2028-05-17,46106.0,1068,1075,1140
1141,1008,2024-07-26,2024-11-20,2028-11-20,73916.0,1095,1056,1141
1142,1119,2024-11-25,2025-01-10,2030-01-10,63578.0,1115,1058,1142
1143,1058,2024-08-21,2024-11-26,2026-11-26,33773.0,1181,1029,1143
1144,1103,2024-06-30,2024-08-04,2026-08-04,43793.0,1038,1197,1144
1145,1159,2024-10-04,2025-01-31,2026-01-31,33915.0,1127,1093,1145
1146,1140,2025-02-13,2025-04-28,2028-04-28,33191.0,1184,1195,1146
1147,1003,2024-06-21,2024-08-15,2029-08-15,21244.0,1126,1147,1147
1148,1137,2024-10-06,2025-01-22,2027-01-22,55333.0,1116,1010,1148
1149,1012,2024-09-21,2024-10-23,2025-10-23,38212.0,1106,1078,1149
1150,1141,2024-10-22,2024-12-16,2027-12-16,19614.0,1076,1034,1150
1151,1167,2025-05-27,2025-07-30,2028-07-30,20176.0,1162,1002,1151
1152,1046,2024-05-31,2024-08-13,2028-08-13,20438.0,1071,1032,1152
1153,1108,2024-09-15,2024-11-25,2029-11-25,,1179,1061,1153
1154,1025,2024-12-26,2025-02-21,2028-02-21,17005.0,1083,1200,1154
1155,1196,2024-05-03,2024-06-30,2028-06-30,61105.0,1164,1182,1155
1156,1100,2025-01-31,2025-04-17,2030-04-17,48604.0,1075,1171,1156
1157,1170,2025-01-17,2025-03-10,2029-03-10,67037.0,1032,1117,1157
1158,1177,2024-06-02,2024-09-20,2026-09-20,70903.0,1030,1159,1158
1159,1030,2024-10-10,2025-01-19,2026-01-19,74292.0,1082,1172,1159
1160,1123,2024-11-01,2024-12-22,2028-12-22,66628.0,1125,1116,1160
1161,1059,2024-03-24,2024-06-22,2025-06-22,65888.0,1051,1092,1161
1162,1097,2025-05-21,2025-08-07,2026-08-07,28842.0,1072,1149,1162
1163,1146,2025-06-20,2025-10-14,2028-10-14,27875.0,1097,1104,1163
1164,1061,2024-06-22,2024-10-04,2028-10-04,26595.0,1017,1094,1164
1165,1045,2025-01-26,2025-05-05,2028-05-05,25261.0,1132,1139,1165
1166,1199,2025-01-28,2025-03-07,2028-03-07,29815.0,1065,1166,1166
1167,1041,2024-05-24,2024-06-28,2029-06-28,49555.0,1141,1089,1167
1168,1110,2024-03-14,2024-05-12,2025-05-12,62743.0,1104,1012,1168
1169,1149,2024-09-13,2024-12-15,2029-12-15,36351.0,1111,1095,1169
1170,1026,2024-05-05,2024-08-27,2029-08-27,43823.0,1022,1153,1170
1171,1107,2025-02-12,2025-06-01,2029-06-01,27869.0,1105,1004,1171
1172,1165,2024-08-17,2024-11-01,2025-11-01,50130.0,1043,1143,1172
1173,1029,2024-03-18,2024-05-30,2027-05-30,69960.0,1133,1025,1173
1174,1178,2025-03-24,2025-05-04,2029-05-04,21607.0,1019,1105,1174
1175,1158,2024-09-07,2024-12-06,2028-12-06,,1010,1009,1175
1176,1157,2024-07-04,2024-09-29,2029-09-29,52209.0,1042,1137,1176
1177,1189,2024-08-21,2024-10-07,2028-10-07,51532.0,1199,1033,1177
1178,1131,2024-09-29,2025-01-16,2030-01-16,39320.0,1168,1072,1178
1179,1020,2024-08-13,2024-11-24,2026-11-24,45937.0,1023,1162,1179
1180,1116,2025-03-22,2025-05-05,2030-05-05,49968.0,1073,1103,1180
1181,1117,2025-01-05,2025-04-01,2028-04-01,62816.0,1088,1151,1181
1182,1191,2025-03-08,2025-05-26,2029-05-26,65665.0,1063,1145,1182
1183,1094,2024-06-13,2024-10-09,2026-10-09,65092.0,1193,1155,1183
1184,1045,2024-10-26,2025-01-18,2030-01-18,62907.0,1053,1061,1184
1185,1046,2024-06-30,2024-10-01,2027-10-01,22807.0,1041,1084,1185
1186,1125,2024-10-11,2024-11-23,2029-11-23,,1064,1009,1186
1187,1196,2024-04-03,2024-07-15,2026-07-15,63545.0,1186,1052,1187
1188,1112,2024-03-08,2024-04-22,2028-04-22,72176.0,1114,1089,1188
1189,1199,2025-02-28,2025-05-30,2028-05-30,47336.0,1159,1147,1189
1190,1122,2024-10-18,2025-01-09,2027-01-09,17273.0,1095,1144,1190
1191,1156,2024-09-10,2024-11-29,2029-11-29,24578.0,1085,1027,1191
1192,1130,2024-07-20,2024-09-16,2027-09-16,37985.0,1177,1037,1192
1193,1157,2024-08-04,2024-09-11,2027-09-11,30569.0,1103,1065,1193
1194,1134,2025-06-22,2025-09-20,2027-09-20,32630.0,1099,1058,1194
1195,1021,2024-12-24,2025-04-17,2029-04-17,36483.0,1167,1102,1195
1196,1073,2025-02-09,2025-06-11,2027-06-11,71385.0,1119,1107,1196
1197,1142,2024-04-26,2024-07-21,2029-07-21,51765.0,1158,1168,1197
1198,1163,2024-06-02,2024-07-04,2028-07-04,58339.0,1019,1115,1198
1199,1048,2024-07-17,2024-11-16,2028-11-16,54281.0,1093,1101,1199
1200,1039,2024-07-03,2024-10-27,2028-10-27,29947.0,1011,1030,1200
